<?xml version="1.0" encoding="ISO-8859-1"?>
<modeling>
 <generator>
  <i name="program" type="string">vasp </i>
  <i name="version" type="string">6.5.0  </i>
  <i name="subversion" type="string">16Dec24 (build Mar 16 2025 21:55:21) complex                          parallel </i>
  <i name="platform" type="string">LinuxIFC </i>
  <i name="date" type="string">2026 01 21 </i>
  <i name="time" type="string">22:36:02 </i>
 </generator>
 <incar>
  <i type="string" name="PREC">Accurate</i>
  <i type="string" name="ALGO">Fast</i>
  <i type="int" name="ISPIN">     2</i>
  <i type="int" name="IBRION">     2</i>
  <i name="EDIFF">      0.00001000</i>
  <i name="EDIFFG">     -0.01000000</i>
  <i type="int" name="NSW">    50</i>
  <i type="int" name="ISIF">     3</i>
  <v name="MAGMOM">      1.00000000      1.00000000</v>
  <i type="logical" name="LREAL"> F  </i>
  <i type="int" name="ISMEAR">     1</i>
  <i name="SIGMA">      0.20000000</i>
  <i type="logical" name="LWAVE"> F  </i>
 </incar>
 <primitive_cell>
  <structure name="primitive_cell" >
   <crystal>
    <varray name="basis" >
     <v>       1.23060000      -2.13146172       0.00000000 </v>
     <v>       1.23060000       2.13146172       0.00000000 </v>
     <v>       0.00000000       0.00000000       6.70900000 </v>
    </varray>
    <i name="volume">     35.19510267 </i>
    <varray name="rec_basis" >
     <v>       0.40630587      -0.23458080       0.00000000 </v>
     <v>       0.40630587       0.23458080       0.00000000 </v>
     <v>       0.00000000       0.00000000       0.14905351 </v>
    </varray>
   </crystal>
   <varray name="positions" >
    <v>       0.33333333       0.16666667       0.50000000 </v>
    <v>       0.66666667       0.83333333       0.50000000 </v>
   </varray>
  </structure>
  <varray name="primitive_index" >
   <v type="int" >        1 </v>
   <v type="int" >        2 </v>
  </varray>
 </primitive_cell>
 <kpoints>
  <generation param="Gamma">
   <v type="int" name="divisions">       3        3        1 </v>
   <v name="usershift">      0.00000000       0.00000000       0.00000000 </v>
   <v name="genvec1">      0.33333333      -0.00000000       0.00000000 </v>
   <v name="genvec2">     -0.00000000       0.33333333       0.00000000 </v>
   <v name="genvec3">      0.00000000       0.00000000       1.00000000 </v>
   <v name="shift">      0.00000000       0.00000000       0.00000000 </v>
  </generation>
  <varray name="kpointlist" >
   <v>       0.00000000       0.00000000       0.00000000 </v>
   <v>       0.33333333       0.00000000       0.00000000 </v>
   <v>       0.33333333       0.33333333       0.00000000 </v>
  </varray>
  <varray name="weights" >
   <v>       0.11111111 </v>
   <v>       0.66666667 </v>
   <v>       0.22222222 </v>
  </varray>
 </kpoints>
 <parameters>
  <separator name="general" >
   <i type="string" name="SYSTEM">unknown system</i>
   <i type="logical" name="LCOMPAT"> F  </i>
  </separator>
  <separator name="electronic" >
   <i type="string" name="PREC">accura</i>
   <i name="ENMAX">    400.00000000</i>
   <i name="ENAUG">    644.87300000</i>
   <i name="EDIFF">      0.00001000</i>
   <i type="int" name="IALGO">    68</i>
   <i type="int" name="IWAVPR">    11</i>
   <i type="int" name="NBANDS">    12</i>
   <i type="int" name="NBANDSLOW">    -1</i>
   <i type="int" name="NBANDSHIGH">    -1</i>
   <i name="NELECT">      8.00000000</i>
   <i type="int" name="TURBO">     0</i>
   <i type="int" name="IRESTART">     0</i>
   <i type="int" name="NREBOOT">     0</i>
   <i type="int" name="NMIN">     0</i>
   <i name="EREF">      0.00000000</i>
   <separator name="electronic smearing" >
    <i type="int" name="ISMEAR">     1</i>
    <i name="SIGMA">      0.20000000</i>
    <i name="KSPACING">      0.50000000</i>
    <i type="logical" name="KGAMMA"> T  </i>
    <i type="logical" name="KBLOWUP"> T  </i>
   </separator>
   <separator name="electronic projectors" >
    <i type="logical" name="LREAL"> F  </i>
    <v name="ROPT">      0.00000000</v>
    <i type="int" name="LMAXPAW">  -100</i>
    <i type="int" name="LMAXMIX">     2</i>
    <i type="logical" name="NLSPLINE"> F  </i>
   </separator>
   <separator name="electronic startup" >
    <i type="int" name="ISTART">     0</i>
    <i type="int" name="ICHARG">     2</i>
    <i type="int" name="INIWAV">     1</i>
   </separator>
   <separator name="electronic spin" >
    <i type="int" name="ISPIN">     2</i>
    <i type="logical" name="LNONCOLLINEAR"> F  </i>
    <v name="MAGMOM">      1.00000000      1.00000000</v>
    <i name="NUPDOWN">     -1.00000000</i>
    <i type="logical" name="LSORBIT"> F  </i>
    <v name="SAXIS">      0.00000000      0.00000000      1.00000000</v>
    <i type="logical" name="LSPIRAL"> F  </i>
    <v name="QSPIRAL">      0.00000000      0.00000000      0.00000000</v>
    <i type="logical" name="LZEROZ"> F  </i>
   </separator>
   <separator name="electronic exchange-correlation" >
    <i type="logical" name="LASPH"> F  </i>
   </separator>
   <separator name="electronic convergence" >
    <i type="int" name="NELM">    60</i>
    <i type="int" name="NELMDL">     0</i>
    <i type="int" name="NELMIN">     2</i>
    <i name="ENINI">    400.00000000</i>
    <separator name="electronic convergence detail" >
     <i type="logical" name="LDIAG"> T  </i>
     <i type="logical" name="LSUBROT"> F  </i>
     <i name="WEIMIN">      0.00100000</i>
     <i name="EBREAK">      0.00000021</i>
     <i name="DEPER">      0.30000000</i>
     <i type="int" name="NRMM">     4</i>
     <i name="TIME">      0.40000000</i>
    </separator>
   </separator>
   <separator name="electronic mixer" >
    <i name="AMIX">      0.40000000</i>
    <i name="BMIX">      1.00000000</i>
    <i name="AMIN">      0.10000000</i>
    <i name="AMIX_MAG">      1.60000000</i>
    <i name="BMIX_MAG">      1.00000000</i>
    <separator name="electronic mixer details" >
     <i type="int" name="IMIX">     4</i>
     <i type="logical" name="MIXFIRST"> F  </i>
     <i type="int" name="MAXMIX">   -45</i>
     <i name="WC">    100.00000000</i>
     <i type="int" name="INIMIX">     1</i>
     <i type="int" name="MIXPRE">     1</i>
     <i type="int" name="MREMOVE">     5</i>
    </separator>
   </separator>
   <separator name="electronic dipolcorrection" >
    <i type="logical" name="LDIPOL"> F  </i>
    <i type="logical" name="LMONO"> F  </i>
    <i type="int" name="IDIPOL">     0</i>
    <i name="EPSILON">      1.00000000</i>
    <v name="DIPOL">   -100.00000000   -100.00000000   -100.00000000</v>
    <i name="EFIELD">      0.00000000</i>
    <i type="logical" name="LVACPOTAV"> F  </i>
   </separator>
  </separator>
  <separator name="grids" >
   <i type="int" name="NGX">    16</i>
   <i type="int" name="NGY">    16</i>
   <i type="int" name="NGZ">    48</i>
   <i type="int" name="NGXF">    32</i>
   <i type="int" name="NGYF">    32</i>
   <i type="int" name="NGZF">    96</i>
   <i type="logical" name="ADDGRID"> F  </i>
  </separator>
  <separator name="ionic" >
   <i type="int" name="NSW">    50</i>
   <i type="int" name="IBRION">     2</i>
   <i type="int" name="MDALGO">     0</i>
   <i type="int" name="ISIF">     3</i>
   <i name="PSTRESS">      0.00000000</i>
   <i name="EDIFFG">     -0.01000000</i>
   <i type="int" name="NFREE">     1</i>
   <i name="POTIM">      0.50000000</i>
   <i name="SMASS">     -3.00000000</i>
   <i name="SCALEE">      1.00000000</i>
  </separator>
  <separator name="ionic md" >
   <i name="TEBEG">      0.00010000</i>
   <i name="TEEND">      0.00010000</i>
   <i type="int" name="NBLOCK">     1</i>
   <i type="int" name="KBLOCK">    50</i>
   <i type="int" name="NPACO">   256</i>
   <i name="APACO">     10.00000000</i>
  </separator>
  <separator name="symmetry" >
   <i type="int" name="ISYM">     2</i>
   <i name="SYMPREC">      0.00001000</i>
  </separator>
  <separator name="dos" >
   <i type="int" name="LORBIT">     0</i>
   <v name="RWIGS">     -1.00000000</v>
   <i type="int" name="NEDOS">   301</i>
   <i name="EMIN">     10.00000000</i>
   <i name="EMAX">    -10.00000000</i>
   <i name="EFERMI">      0.00000000</i>
  </separator>
  <separator name="writing" >
   <i type="int" name="NWRITE">     2</i>
   <i type="logical" name="LWAVE"> F  </i>
   <i type="logical" name="LDOWNSAMPLE"> F  </i>
   <i type="logical" name="LCHARG"> T  </i>
   <i type="logical" name="LPARD"> F  </i>
   <i type="logical" name="LVTOT"> F  </i>
   <i type="logical" name="LVHAR"> F  </i>
   <i type="logical" name="LELF"> F  </i>
   <i type="logical" name="LOPTICS"> F  </i>
   <v name="STM">      0.00000000      0.00000000      0.00000000      0.00000000      0.00000000      0.00000000      0.00000000</v>
  </separator>
  <separator name="performance" >
   <i type="int" name="NPAR">     4</i>
   <i type="int" name="NSIM">     4</i>
   <i type="int" name="NBLK">    -1</i>
   <i type="logical" name="LPLANE"> T  </i>
   <i type="logical" name="LSCALAPACK"> T  </i>
   <i type="logical" name="LSCAAWARE"> F  </i>
   <i type="logical" name="LSCALU"> F  </i>
   <i type="logical" name="LASYNC"> F  </i>
   <i type="logical" name="LORBITALREAL"> F  </i>
  </separator>
  <separator name="miscellaneous" >
   <i type="int" name="IDIOT">     3</i>
   <i type="int" name="PHON_NSTRUCT">    -1</i>
   <i type="logical" name="LMUSIC"> F  </i>
   <v name="POMASS">     12.01100000</v>
   <v name="DARWINR">      0.00000000</v>
   <v name="DARWINV">      1.00000000</v>
   <i type="logical" name="LCORR"> T  </i>
  </separator>
  <i type="logical" name="GGA_COMPAT"> T  </i>
  <i type="logical" name="LBERRY"> F  </i>
  <i type="int" name="ICORELEVEL">     0</i>
  <i type="logical" name="LDAU"> F  </i>
  <i type="int" name="I_CONSTRAINED_M">     0</i>
  <separator name="electronic exchange-correlation" >
   <i type="string" name="GGA    ">PE</i>
   <i type="string" name="XC_C">1</i>
   <i type="int" name="VOSKOWN">     0</i>
   <i type="logical" name="LHFCALC"> F  </i>
   <i type="string" name="PRECFOCK"></i>
   <i type="logical" name="LSYMGRAD"> F  </i>
   <i type="logical" name="LHFONE"> F  </i>
   <i type="logical" name="LRHFCALC"> F  </i>
   <i type="logical" name="LTHOMAS"> F  </i>
   <i type="logical" name="LMODELHF"> F  </i>
   <i type="logical" name="LFOCKACE"> F  </i>
   <i name="ENCUT4O">     -1.00000000</i>
   <i type="int" name="EXXOEP">     0</i>
   <i type="int" name="FOURORBIT">     0</i>
   <i name="AEXX">      0.00000000</i>
   <i name="HFALPHA">      0.00000000</i>
   <i name="MCALPHA">      0.00000000</i>
   <i name="ALDAX">      1.00000000</i>
   <i name="AGGAX">      1.00000000</i>
   <i name="AMGGAX">      1.00000000</i>
   <i name="ALDAC">      1.00000000</i>
   <i name="AGGAC">      1.00000000</i>
   <i name="AMGGAC">      1.00000000</i>
   <i type="int" name="NKREDX">     1</i>
   <i type="int" name="NKREDY">     1</i>
   <i type="int" name="NKREDZ">     1</i>
   <i type="logical" name="SHIFTRED"> F  </i>
   <i type="logical" name="ODDONLY"> F  </i>
   <i type="logical" name="EVENONLY"> F  </i>
   <i type="int" name="LMAXFOCK">     0</i>
   <i type="int" name="NMAXFOCKAE">     0</i>
   <i type="logical" name="LFOCKAEDFT"> F  </i>
   <i name="HFSCREEN">      0.00000000</i>
   <i name="HFSCREENC">      0.00000000</i>
   <i type="int" name="NBANDSGWLOW">     0</i>
  </separator>
  <separator name="vdW DFT" >
   <i type="logical" name="LUSE_VDW"> F  </i>
   <i type="int" name="IVDW_NL">    -1</i>
   <i type="logical" name="LSPIN_VDW"> F  </i>
   <i name="ZAB_VDW">     -0.84910000</i>
   <i name="GAMMA_VDW">      1.39626340</i>
   <i name="ALPHA_VDW">      0.00000000</i>
   <i name="PARAM1">      0.12340000</i>
   <i name="PARAM2">      1.00000000</i>
   <i name="BPARAM">      6.30000000</i>
   <i name="CPARAM">      0.00930000</i>
  </separator>
  <separator name="model GW" >
   <i type="int" name="MODEL_GW">     0</i>
   <i name="MODEL_EPS0">     10.55853080</i>
   <i name="MODEL_ALPHA">      1.00000000</i>
  </separator>
  <separator name="linear response parameters" >
   <i type="logical" name="LEPSILON"> F  </i>
   <i type="logical" name="LRPA"> F  </i>
   <i type="logical" name="LNABLA"> F  </i>
   <i type="logical" name="LVEL"> F  </i>
   <i name="CSHIFT">      0.10000000</i>
   <i name="OMEGAMAX">     -1.00000000</i>
   <i name="DEG_THRESHOLD">      0.00200000</i>
   <i name="RTIME">     -0.10000000</i>
   <i name="WPLASMAI">      0.00000000</i>
   <v name="DFIELD">      0.00000000      0.00000000      0.00000000</v>
   <v name="WPLASMA">      0.00000000      0.00000000      0.00000000      0.00000000      0.00000000      0.00000000      0.00000000      0.00000000      0.00000000</v>
  </separator>
  <separator name="orbital magnetization" >
   <i type="logical" name="NUCIND"> F  </i>
   <v name="MAGPOS">      0.00000000      0.00000000      0.00000000</v>
   <i type="logical" name="LNICSALL"> T  </i>
   <i type="logical" name="ORBITALMAG"> F  </i>
   <i type="logical" name="LMAGBLOCH"> F  </i>
   <i type="logical" name="LCHIMAG"> F  </i>
   <i type="logical" name="LGAUGE"> T  </i>
   <i type="int" name="MAGATOM">     0</i>
   <v name="MAGDIPOL">      0.00000000      0.00000000      0.00000000</v>
   <v name="AVECCONST">      0.00000000      0.00000000      0.00000000</v>
  </separator>
  <separator name="response functions" >
   <i type="logical" name="LALL_IN_ONE"> F  </i>
   <i type="int" name="IALL_IN_ONE">    -1</i>
   <i type="int" name="NBANDS_WAVE">    -1</i>
   <i type="logical" name="LFINITE_TEMPERATURE"> F  </i>
   <i type="logical" name="LADDER"> F  </i>
   <i type="logical" name="LRPAFORCE"> F  </i>
   <i type="logical" name="LFXC"> F  </i>
   <i type="logical" name="LHARTREE"> T  </i>
   <i type="int" name="IBSE">     2</i>
   <v type="int" name="KPOINT">    -1     0     0     0</v>
   <i type="logical" name="LTCTC"> F  </i>
   <i type="logical" name="LTCTE"> F  </i>
   <i type="logical" name="LTETE"> F  </i>
   <i type="logical" name="LTRIPLET"> F  </i>
   <i type="logical" name="LFXCEPS"> F  </i>
   <i type="logical" name="LFXHEG"> F  </i>
   <i type="int" name="NATURALO">     2</i>
   <i type="logical" name="LHOLEGF"> F  </i>
   <i type="logical" name="L2ORDER"> F  </i>
   <i type="logical" name="LDMP1"> F  </i>
   <i type="logical" name="LMP2LT"> F  </i>
   <i type="logical" name="LSMP2LT"> F  </i>
   <i type="logical" name="LGWLF"> F  </i>
   <i name="ENCUTGW">     -1.60000002</i>
   <i name="ENCUTGWSOFT">     -1.60000002</i>
   <i name="ENCUTLF">     -1.00000000</i>
   <i type="logical" name="ESF_SPLINES"> F  </i>
   <i name="ESF_CONV">      0.01000000</i>
   <i type="int" name="ESF_NINTER">    15</i>
   <i type="int" name="LMAXMP2">    -1</i>
   <i name="SCISSOR">      0.00000000</i>
   <i type="int" name="NOMEGA">     0</i>
   <i type="int" name="NOMEGAR">     0</i>
   <i type="int" name="NBANDSGW">    -1</i>
   <i type="int" name="NBANDSO">    -1</i>
   <i type="int" name="NBANDSV">    -1</i>
   <i type="int" name="NELMGW">     1</i>
   <i type="int" name="NELMHF">     1</i>
   <i type="int" name="DIM">     3</i>
   <i type="int" name="IESPILON">     4</i>
   <i type="int" name="ANTIRES">     0</i>
   <i name="OMEGAMAX">    -30.00000000</i>
   <i name="OMEGAMIN">    -30.00000000</i>
   <i name="OMEGATL">   -200.00000000</i>
   <i type="int" name="OMEGAGRID">     0</i>
   <i name="CSHIFT">     -0.10000000</i>
   <i type="logical" name="LSELFENERGY"> F  </i>
   <i type="logical" name="LSPECTRAL"> F  </i>
   <i type="logical" name="LSPECTRALGW"> F  </i>
   <i type="logical" name="LSINGLES"> F  </i>
   <i type="logical" name="LFERMIGW"> F  </i>
   <i type="logical" name="ODDONLYGW"> F  </i>
   <i type="logical" name="EVENONLYGW"> F  </i>
   <i type="int" name="NKREDLFX">     1</i>
   <i type="int" name="NKREDLFY">     1</i>
   <i type="int" name="NKREDLFZ">     1</i>
   <i type="int" name="MAXMEM">  2800</i>
   <i type="int" name="TELESCOPE">     0</i>
   <i type="int" name="NTAUPAR">    -1</i>
   <i type="int" name="NOMEGAPAR">    -1</i>
   <i name="DAMP_NEWTON">      0.80000001</i>
   <i name="LAMBDA">      1.00000000</i>
  </separator>
  <separator name="External order field" >
   <i name="OFIELD_KAPPA">      0.00000000</i>
   <v name="OFIELD_K">      0.00000000      0.00000000      0.00000000</v>
   <i name="OFIELD_Q6_NEAR">      0.00000000</i>
   <i name="OFIELD_Q6_FAR">      0.00000000</i>
   <i name="OFIELD_A">      0.00000000</i>
  </separator>
  <separator name="optional k-points parameters" >
   <i type="int" name="KPOINTS_OPT_MODE">     1</i>
   <i type="logical" name="LKPOINTS_OPT"> F  </i>
  </separator>
 </parameters>
 <atominfo>
  <atoms>       2 </atoms>
  <types>       1 </types>
  <array name="atoms" >
   <dimension dim="1">ion</dimension>
   <field type="string">element</field>
   <field type="int">atomtype</field>
   <set>
    <rc><c>C </c><c>   1</c></rc>
    <rc><c>C </c><c>   1</c></rc>
   </set>
  </array>
  <array name="atomtypes" >
   <dimension dim="1">type</dimension>
   <field type="int">atomspertype</field>
   <field type="string">element</field>
   <field>mass</field>
   <field>valence</field>
   <field type="string">pseudopotential</field>
   <set>
    <rc><c>   2</c><c>C </c><c>     12.01100000</c><c>      4.00000000</c><c>  PAW_PBE C 08Apr2002                   </c></rc>
   </set>
  </array>
 </atominfo>
 <structure name="initialpos" >
  <crystal>
   <varray name="basis" >
    <v>       1.23060000      -2.13146172       0.00000000 </v>
    <v>       1.23060000       2.13146172       0.00000000 </v>
    <v>       0.00000000       0.00000000       6.70900000 </v>
   </varray>
   <i name="volume">     35.19510267 </i>
   <varray name="rec_basis" >
    <v>       0.40630587      -0.23458080       0.00000000 </v>
    <v>       0.40630587       0.23458080       0.00000000 </v>
    <v>       0.00000000       0.00000000       0.14905351 </v>
   </varray>
  </crystal>
  <varray name="positions" >
   <v>       0.33333333       0.16666667       0.50000000 </v>
   <v>       0.66666667       0.83333333       0.50000000 </v>
  </varray>
  <varray name="selective"  type="logical" >
   <v type="logical" >  T  T  T </v>
   <v type="logical" >  T  T  T </v>
  </varray>
  <nose>
   <v>      -3.00000000       0.00000000       0.00010000       0.00010000 </v>
  </nose>
 </structure>
 <calculation>
  <scstep>
   <time name="dav">  213.14   19.73</time>
   <time name="total">  238.81   22.06</time>
   <energy>
    <i name="alphaZ">      9.33615302 </i>
    <i name="ewald">     78.32347051 </i>
    <i name="hartreedc">   -327.63070537 </i>
    <i name="XCdc">     26.71923927 </i>
    <i name="pawpsdc">    216.78759577 </i>
    <i name="pawaedc">   -217.90869979 </i>
    <i name="eentropy">      0.00386527 </i>
    <i name="bandstr">    -61.88510684 </i>
    <i name="atom">    294.25444774 </i>
    <i name="e_fr_energy">     18.00025959 </i>
    <i name="e_wo_entrp">     17.99639432 </i>
    <i name="e_0_energy">     17.99897117 </i>
   </energy>
  </scstep>
  <scstep>
   <time name="dav">  234.59   23.85</time>
   <time name="total">  234.59   23.85</time>
   <energy>
    <i name="e_fr_energy">    -16.36009798 </i>
    <i name="e_wo_entrp">    -16.36205539 </i>
    <i name="e_0_energy">    -16.36075045 </i>
   </energy>
  </scstep>
  <scstep>
   <time name="dav">  239.11   22.86</time>
   <time name="total">  239.11   22.86</time>
   <energy>
    <i name="e_fr_energy">    -18.71150125 </i>
    <i name="e_wo_entrp">    -18.71407813 </i>
    <i name="e_0_energy">    -18.71236021 </i>
   </energy>
  </scstep>
  <scstep>
   <time name="dav">  229.65   21.59</time>
   <time name="total">  229.65   21.59</time>
   <energy>
    <i name="e_fr_energy">    -18.73323042 </i>
    <i name="e_wo_entrp">    -18.73580727 </i>
    <i name="e_0_energy">    -18.73408937 </i>
   </energy>
  </scstep>
  <scstep>
   <time name="dav">  199.66   19.68</time>
   <time name="total">  211.63   20.76</time>
   <energy>
    <i name="e_fr_energy">    -18.73334570 </i>
    <i name="e_wo_entrp">    -18.73592255 </i>
    <i name="e_0_energy">    -18.73420465 </i>
   </energy>
  </scstep>
  <scstep>
   <time name="diag">   24.63    2.38</time>
   <time name="diis">   91.10    9.15</time>
   <time name="orth">    1.35    0.08</time>
   <time name="total">  147.89   14.34</time>
   <energy>
    <i name="e_fr_energy">    -17.99303262 </i>
    <i name="e_wo_entrp">    -17.99560946 </i>
    <i name="e_0_energy">    -17.99389157 </i>
   </energy>
  </scstep>
  <scstep>
   <time name="diag">    2.68    0.16</time>
   <time name="diis">    9.49    0.54</time>
   <time name="orth">    0.61    0.03</time>
   <time name="total">   44.44    2.73</time>
   <energy>
    <i name="e_fr_energy">    -17.94234590 </i>
    <i name="e_wo_entrp">    -17.94605070 </i>
    <i name="e_0_energy">    -17.94358083 </i>
   </energy>
  </scstep>
  <scstep>
   <time name="diag">    3.43    0.20</time>
   <time name="diis">   12.92    0.75</time>
   <time name="orth">    1.17    0.06</time>
   <time name="total">   26.59    1.52</time>
   <energy>
    <i name="e_fr_energy">    -17.94713937 </i>
    <i name="e_wo_entrp">    -17.94972332 </i>
    <i name="e_0_energy">    -17.94800069 </i>
   </energy>
  </scstep>
  <scstep>
   <time name="diag">    6.45    0.33</time>
   <time name="diis">   10.28    0.46</time>
   <time name="orth">    0.78    0.05</time>
   <time name="total">   23.53    1.17</time>
   <energy>
    <i name="e_fr_energy">    -17.96591454 </i>
    <i name="e_wo_entrp">    -17.96850289 </i>
    <i name="e_0_energy">    -17.96677732 </i>
   </energy>
  </scstep>
  <scstep>
   <time name="diag">    3.25    0.17</time>
   <time name="diis">   11.59    0.63</time>
   <time name="orth">    2.15    0.11</time>
   <time name="total">   28.66    1.56</time>
   <energy>
    <i name="e_fr_energy">    -17.96573533 </i>
    <i name="e_wo_entrp">    -17.96831503 </i>
    <i name="e_0_energy">    -17.96659523 </i>
   </energy>
  </scstep>
  <scstep>
   <time name="diag">   12.39    0.59</time>
   <time name="diis">   15.41    0.78</time>
   <time name="orth">    3.32    0.18</time>
   <time name="total">   56.70    3.02</time>
   <energy>
    <i name="e_fr_energy">    -17.96833732 </i>
    <i name="e_wo_entrp">    -17.97091726 </i>
    <i name="e_0_energy">    -17.96919730 </i>
   </energy>
  </scstep>
  <scstep>
   <time name="diag">    7.34    0.44</time>
   <time name="diis">   13.76    0.87</time>
   <time name="orth">    1.26    0.08</time>
   <time name="total">   30.17    1.86</time>
   <energy>
    <i name="e_fr_energy">    -17.96971626 </i>
    <i name="e_wo_entrp">    -17.97229817 </i>
    <i name="e_0_energy">    -17.97057690 </i>
   </energy>
  </scstep>
  <scstep>
   <time name="diag">   12.18    0.64</time>
   <time name="diis">   12.10    0.62</time>
   <time name="orth">    0.43    0.02</time>
   <time name="total">   41.23    2.11</time>
   <energy>
    <i name="e_fr_energy">    -17.97034610 </i>
    <i name="e_wo_entrp">    -17.97292744 </i>
    <i name="e_0_energy">    -17.97120655 </i>
   </energy>
  </scstep>
  <scstep>
   <time name="diag">    2.98    0.16</time>
   <time name="diis">    9.69    0.55</time>
   <time name="orth">    2.04    0.12</time>
   <time name="total">   27.92    1.59</time>
   <energy>
    <i name="e_fr_energy">    -17.97045708 </i>
    <i name="e_wo_entrp">    -17.97303858 </i>
    <i name="e_0_energy">    -17.97131758 </i>
   </energy>
  </scstep>
  <scstep>
   <time name="diag">    4.01    0.22</time>
   <time name="diis">   13.11    0.69</time>
   <time name="orth">    5.47    0.29</time>
   <time name="total">   32.99    1.82</time>
   <energy>
    <i name="e_fr_energy">    -17.97047445 </i>
    <i name="e_wo_entrp">    -17.97305598 </i>
    <i name="e_0_energy">    -17.97133496 </i>
   </energy>
  </scstep>
  <scstep>
   <time name="diag">    8.38    0.50</time>
   <time name="diis">   12.16    0.70</time>
   <time name="orth">    1.44    0.05</time>
   <time name="total">   29.90    1.70</time>
   <energy>
    <i name="alphaZ">      9.33615302 </i>
    <i name="ewald">     78.32347051 </i>
    <i name="hartreedc">   -355.82665656 </i>
    <i name="XCdc">     27.62816385 </i>
    <i name="pawpsdc">    872.50800758 </i>
    <i name="pawaedc">   -873.87495959 </i>
    <i name="eentropy">      0.00258150 </i>
    <i name="bandstr">    -70.32168554 </i>
    <i name="atom">    294.25444774 </i>
    <i name="e_fr_energy">    -17.97047748 </i>
    <i name="e_wo_entrp">    -17.97305899 </i>
    <i name="e_0_energy">    -17.97133798 </i>
   </energy>
  </scstep>
  <structure>
   <crystal>
    <varray name="basis" >
     <v>       1.23060000      -2.13146172       0.00000000 </v>
     <v>       1.23060000       2.13146172       0.00000000 </v>
     <v>       0.00000000       0.00000000       6.70900000 </v>
    </varray>
    <i name="volume">     35.19510267 </i>
    <varray name="rec_basis" >
     <v>       0.40630587      -0.23458080       0.00000000 </v>
     <v>       0.40630587       0.23458080       0.00000000 </v>
     <v>       0.00000000       0.00000000       0.14905351 </v>
    </varray>
   </crystal>
   <varray name="positions" >
    <v>       0.33333333       0.16666667       0.50000000 </v>
    <v>       0.66666667       0.83333333       0.50000000 </v>
   </varray>
  </structure>
  <varray name="forces" >
   <v>      -0.00000000      -0.00000000       0.00000000 </v>
   <v>       0.00000000       0.00000000      -0.00000000 </v>
  </varray>
  <varray name="stress" >
   <v>      27.27434552       0.00000000       0.00000000 </v>
   <v>       0.00000000      27.27434552       0.00000000 </v>
   <v>       0.00000000       0.00000000     -11.35694150 </v>
  </varray>
  <energy>
   <i name="e_fr_energy">    -17.97047748 </i>
   <i name="e_wo_entrp">    -17.97305899 </i>
   <i name="e_0_energy">    -17.97133798 </i>
  </energy>
  <time name="totalsc"> 1602.26  144.73</time>
 </calculation>
 <calculation>
  <scstep>
 <calculation>
  <scstep>
   <time name="dav">   18.46    1.01</time>
   <time name="total">   21.35    1.14</time>
   <energy>
    <i name="alphaZ">      9.12696424 </i>
    <i name="ewald">     64.93279079 </i>
    <i name="hartreedc">   -344.13040899 </i>
    <i name="XCdc">     27.42695226 </i>
    <i name="pawpsdc">    872.52344563 </i>
    <i name="pawaedc">   -873.89032879 </i>
    <i name="eentropy">      0.00258134 </i>
    <i name="bandstr">    -68.21598678 </i>
    <i name="atom">    294.25444774 </i>
    <i name="e_fr_energy">    -17.96954254 </i>
    <i name="e_wo_entrp">    -17.97212389 </i>
    <i name="e_0_energy">    -17.97040299 </i>
   </energy>
  </scstep>
  <scstep>
   <time name="diag">    1.56    0.09</time>
   <time name="diis">   12.50    0.72</time>
   <time name="orth">    1.13    0.06</time>
   <time name="total">   19.35    1.11</time>
   <energy>
    <i name="e_fr_energy">    -17.96366550 </i>
    <i name="e_wo_entrp">    -17.96624611 </i>
    <i name="e_0_energy">    -17.96452570 </i>
   </energy>
  </scstep>
  <scstep>
   <time name="diag">    5.45    0.29</time>
   <time name="diis">   15.47    0.83</time>
   <time name="orth">    0.65    0.03</time>
   <time name="total">   30.78    1.65</time>
   <energy>
    <i name="e_fr_energy">    -17.95950626 </i>
    <i name="e_wo_entrp">    -17.96209015 </i>
    <i name="e_0_energy">    -17.96036756 </i>
   </energy>
  </scstep>
  <scstep>
   <time name="diag">    6.46    0.37</time>
   <time name="diis">   12.93    0.80</time>
   <time name="orth">    0.18    0.01</time>
   <time name="total">   26.20    1.56</time>
   <energy>
    <i name="e_fr_energy">    -17.95965671 </i>
    <i name="e_wo_entrp">    -17.96223920 </i>
    <i name="e_0_energy">    -17.96051754 </i>
   </energy>
  </scstep>
  <scstep>
   <time name="diag">    1.44    0.10</time>
   <time name="diis">    9.06    0.59</time>
   <time name="orth">    0.47    0.03</time>
   <time name="total">   14.87    0.97</time>
   <energy>
    <i name="e_fr_energy">    -17.95989136 </i>
    <i name="e_wo_entrp">    -17.96247375 </i>
    <i name="e_0_energy">    -17.96075215 </i>
   </energy>
  </scstep>
  <scstep>
   <time name="diag">    3.94    0.27</time>
   <time name="diis">   10.75    0.64</time>
   <time name="orth">    3.78    0.23</time>
   <time name="total">   28.02    1.75</time>
   <energy>
    <i name="e_fr_energy">    -17.96001952 </i>
    <i name="e_wo_entrp">    -17.96260214 </i>
    <i name="e_0_energy">    -17.96088039 </i>
   </energy>
  </scstep>
  <scstep>
   <time name="diag">    7.66    0.47</time>
   <time name="diis">   12.46    0.71</time>
   <time name="orth">    1.57    0.09</time>
   <time name="total">   31.58    1.87</time>
   <energy>
    <i name="e_fr_energy">    -17.96008299 </i>
    <i name="e_wo_entrp">    -17.96266548 </i>
    <i name="e_0_energy">    -17.96094382 </i>
   </energy>
  </scstep>
  <scstep>
   <time name="diag">   10.31    0.68</time>
   <time name="diis">    8.63    0.63</time>
   <time name="orth">    2.65    0.19</time>
   <time name="total">   32.71    2.18</time>
   <energy>
    <i name="e_fr_energy">    -17.96013347 </i>
    <i name="e_wo_entrp">    -17.96271601 </i>
    <i name="e_0_energy">    -17.96099432 </i>
   </energy>
  </scstep>
  <scstep>
   <time name="diag">    4.95    0.33</time>
   <time name="diis">    9.42    0.63</time>
   <time name="orth">    0.21    0.01</time>
   <time name="total">   18.73    1.26</time>
   <energy>
    <i name="alphaZ">      9.12696424 </i>
    <i name="ewald">     64.93279079 </i>
    <i name="hartreedc">   -341.97886296 </i>
    <i name="XCdc">     27.37041355 </i>
    <i name="pawpsdc">    818.03320078 </i>
    <i name="pawaedc">   -819.37553182 </i>
    <i name="eentropy">      0.00258251 </i>
    <i name="bandstr">    -70.32614203 </i>
    <i name="atom">    294.25444774 </i>
    <i name="e_fr_energy">    -17.96013719 </i>
    <i name="e_wo_entrp">    -17.96271970 </i>
    <i name="e_0_energy">    -17.96099803 </i>
   </energy>
  </scstep>
  <structure>
   <crystal>
    <varray name="basis" >
     <v>       1.24838460      -2.16226555       0.00000000 </v>
     <v>       1.24838460       2.16226555       0.00000000 </v>
     <v>       0.00000000       0.00000000       6.66862691 </v>
    </varray>
    <i name="volume">     36.00176962 </i>
    <varray name="rec_basis" >
     <v>       0.40051760      -0.23123894      -0.00000000 </v>
     <v>       0.40051760       0.23123894      -0.00000000 </v>
     <v>       0.00000000       0.00000000       0.14995591 </v>
    </varray>
   </crystal>
   <varray name="positions" >
    <v>       0.33333333       0.16666667       0.50000000 </v>
    <v>       0.66666667       0.83333333       0.50000000 </v>
   </varray>
  </structure>
  <varray name="forces" >
   <v>       0.00000000      -0.00000000       0.00000000 </v>
   <v>      -0.00000000       0.00000000      -0.00000000 </v>
  </varray>
  <varray name="stress" >
   <v>     -62.34114421      -0.00000000      -0.00000000 </v>
   <v>      -0.00000000     -62.34114421       0.00000000 </v>
   <v>      -0.00000000      -0.00000000     -10.61454023 </v>
  </varray>
  <energy>
   <i name="e_fr_energy">    -17.96013719 </i>
   <i name="e_wo_entrp">    -17.96271970 </i>
   <i name="e_0_energy">    -17.96099803 </i>
  </energy>
  <time name="totalsc">  238.77   16.05</time>
 </calculation>
   <time name="dav">   44.   <time name="dav">   61.47    3.60</time>
   <time name="total">   68.36    4.00</time>
   <energy>
    <i name="alphaZ">      9.26821134 </i>
    <i name="ewald">     73.95567159 </i>
    <i name="hartreedc">   -349.81085250 </i>
    <i name="XCdc">     27.50626730 </i>
    <i name="pawpsdc">    818.01997205 </i>
    <i name="pawaedc">   -819.36239372 </i>
    <i name="eentropy">      0.00258267 </i>
    <i name="bandstr">    -71.81185891 </i>
    <i name="atom">    294.25444774 </i>
    <i name="e_fr_energy">    -17.97795243 </i>
    <i name="e_wo_entrp">    -17.98053510 </i>
    <i name="e_0_energy">    -17.97881332 </i>
   </energy>
  </scstep>
  <scstep>
   <time name="diag">    6.61    0.37</time>
   <time name="diis">   10.73    0.64</time>
   <time name="orth">    2.50    0.15</time>
   <time name="total">   36.01    2.18</time>
   <energy>
    <i name="e_fr_energy">    -17.97518855 </i>
    <i name="e_wo_entrp">    -17.97777218 </i>
    <i name="e_0_energy">    -17.97604976 </i>
   </energy>
  </scstep>
  <scstep>
   <time name="diag">   13.54    0.83</time>
   <time name="diis">   11.51    0.72</time>
   <time name="orth">    5.87    0.38</time>
   <time name="total">   49.51    3.07</time>
   <energy>
    <i name="e_fr_energy">    -17.97337007 </i>
    <i name="e_wo_entrp">    -17.97595092 </i>
    <i name="e_0_energy">    -17.97423035 </i>
   </energy>
  </scstep>
  <scstep>
   <time name="diag">    9.37    0.60</time>
   <time name="diis">   11.47    0.73</time>
   <time name="orth">    0.92    0.07</time>
   <time name="total">   29.86    1.94</time>
   <energy>
    <i name="e_fr_energy">    -17.97337030 </i>
    <i name="e_wo_entrp">    -17.97595228 </i>
    <i name="e_0_energy">    -17.97423096 </i>
   </energy>
  </scstep>
  <scstep>
   <time name="diag">    1.82    0.13</time>
   <time name="diis">   11.93    0.80</time>
   <time name="orth">    1.81    0.12</time>
   <time name="total">   19.89    1.34</time>
   <energy>
    <i name="e_fr_energy">    -17.97338062 </i>
    <i name="e_wo_entrp">    -17.97596234 </i>
    <i name="e_0_energy">    -17.97424119 </i>
   </energy>
  </scstep>
  <scstep>
   <time name="diag">    2.95    0.18</time>
   <time name="diis">   10.97    0.69</time>
   <time name="orth">    0.85    0.07</time>
   <time name="total">   25.01    1.61</time>
   <energy>
    <i name="e_fr_energy">    -17.97340458 </i>
    <i name="e_wo_entrp">    -17.97598633 </i>
    <i name="e_0_energy">    -17.97426516 </i>
   </energy>
  </scstep>
  <scstep>
   <time name="diag">    5.35    0.29</time>
   <time name="diis">    8.62    0.44</time>
   <time name="orth">    0.85    0.04</time>
   <time name="total">   25.73    1.27</time>
   <energy>
    <i name="e_fr_energy">    -17.97342132 </i>
    <i name="e_wo_entrp">    -17.97600311 </i>
    <i name="e_0_energy">    -17.97428191 </i>
   </energy>
  </scstep>
  <scstep>
   <time name="diag">    6.58    0.37</time>
   <time name="diis">   10.14    0.64</time>
   <time name="orth">    3.42    0.22</time>
   <time name="total">   29.93    1.78</time>
   <energy>
    <i name="e_fr_energy">    -17.97343850 </i>
    <i name="e_wo_entrp">    -17.97602031 </i>
    <i name="e_0_energy">    -17.97429910 </i>
   </energy>
  </scstep>
  <scstep>
   <time name="diag">    8.70    0.51</time>
   <time name="diis">    7.52    0.45</time>
   <time name="orth">    4.57    0.28</time>
   <time name="total">   29.79    1.78</time>
   <energy>
    <i name="alphaZ">      9.26821134 </i>
    <i name="ewald">     73.95567159 </i>
    <i name="hartreedc">   -351.30994261 </i>
    <i name="XCdc">     27.54457705 </i>
    <i name="pawpsdc">    854.48735124 </i>
    <i name="pawaedc">   -855.84625111 </i>
    <i name="eentropy">      0.00258180 </i>
    <i name="bandstr">    -70.33008613 </i>
    <i name="atom">    294.25444774 </i>
    <i name="e_fr_energy">    -17.97343908 </i>
    <i name="e_wo_entrp">    -17.97602089 </i>
    <i name="e_0_energy">    -17.97429969 </i>
   </energy>
  </scstep>
  <structure>
   <crystal>
    <varray name="basis" >
     <v>       1.23629379      -2.14132365       0.00000000 </v>
     <v>       1.23629379       2.14132365       0.00000000 </v>
     <v>       0.00000000       0.00000000       6.69607445 </v>
    </varray>
    <i name="volume">     35.45310437 </i>
    <varray name="rec_basis" >
     <v>       0.40443461      -0.23350043      -0.00000000 </v>
     <v>       0.40443461       0.23350043      -0.00000000 </v>
     <v>       0.00000000       0.00000000       0.14934123 </v>
    </varray>
   </crystal>
   <varray name="positions" >
    <v>       0.33333333       0.16666667       0.50000000 </v>
    <v>       0.66666667       0.83333333       0.50000000 </v>
   </varray>
  </structure>
  <varray name="forces" >
   <v>      -0.00000000      -0.00000000       0.00000000 </v>
   <v>       0.00000000       0.00000000      -0.00000000 </v>
  </varray>
  <varray name="stress" >
   <v>      -2.58237379       0.00000000       0.00000000 </v>
   <v>       0.00000000      -2.58237379       0.00000000 </v>
   <v>       0.00000000       0.00000000     -11.06459137 </v>
  </varray>
  <energy>
   <i name="e_fr_energy">    -17.97343908 </i>
   <i name="e_wo_entrp">    -17.97602089 </i>
   <i name="e_0_energy">    -17.97429969 </i>
  </energy>
  <time name="totalsc">  340.18   20.53</time>
 </calculation>
   <time name="dav">   27.57    1.51</time>
   <time name="total">   3   <time name="dav">   52.35    2.69</time>
   <time name="total">   66.27    3.47</time>
   <energy>
    <i name="alphaZ">      9.32052134 </i>
    <i name="ewald">     70.54702686 </i>
    <i name="hartreedc">   -349.47678485 </i>
    <i name="XCdc">     27.59268714 </i>
    <i name="pawpsdc">    854.52473962 </i>
    <i name="pawaedc">   -855.88357845 </i>
    <i name="eentropy">      0.00258161 </i>
    <i name="bandstr">    -68.85871811 </i>
    <i name="atom">    294.25444774 </i>
    <i name="e_fr_energy">    -17.97707708 </i>
    <i name="e_wo_entrp">    -17.97965870 </i>
    <i name="e_0_energy">    -17.97793762 </i>
   </energy>
  </scstep>
  <scstep>
   <time name="diag">    3.72    0.20</time>
   <time name="diis">   10.72    0.55</time>
   <time name="orth">    8.81    0.44</time>
   <time name="total">   49.88    2.54</time>
   <energy>
    <i name="e_fr_energy">    -17.97541717 </i>
    <i name="e_wo_entrp">    -17.97799883 </i>
    <i name="e_0_energy">    -17.97627773 </i>
   </energy>
  </scstep>
  <scstep>
   <time name="diag">    8.47    0.41</time>
   <time name="diis">   11.68    0.67</time>
   <time name="orth">    2.06    0.14</time>
   <time name="total">   35.32    1.95</time>
   <energy>
    <i name="e_fr_energy">    -17.97451511 </i>
    <i name="e_wo_entrp">    -17.97709690 </i>
    <i name="e_0_energy">    -17.97537571 </i>
   </energy>
  </scstep>
  <scstep>
   <time name="diag">   10.84    0.67</time>
   <time name="diis">   12.07    0.71</time>
   <time name="orth">    1.29    0.08</time>
   <time name="total">   30.28    1.83</time>
   <energy>
    <i name="e_fr_energy">    -17.97458628 </i>
    <i name="e_wo_entrp">    -17.97716813 </i>
    <i name="e_0_energy">    -17.97544690 </i>
   </energy>
  </scstep>
  <scstep>
   <time name="diag">    2.97    0.18</time>
   <time name="diis">   12.86    0.75</time>
   <time name="orth">    5.92    0.38</time>
   <time name="total">   38.70    2.48</time>
   <energy>
    <i name="e_fr_energy">    -17.97465222 </i>
    <i name="e_wo_entrp">    -17.97723390 </i>
    <i name="e_0_energy">    -17.97551278 </i>
   </energy>
  </scstep>
  <scstep>
   <time name="diag">    9.12    0.59</time>
   <time name="diis">   10.51    0.64</time>
   <time name="orth">    1.45    0.09</time>
   <time name="total">   39.04    2.48</time>
   <energy>
    <i name="e_fr_energy">    -17.97469692 </i>
    <i name="e_wo_entrp">    -17.97727874 </i>
    <i name="e_0_energy">    -17.97555753 </i>
   </energy>
  </scstep>
  <scstep>
   <time name="diag">    2.40    0.13</time>
   <time name="diis">    7.24    0.42</time>
   <time name="orth">    0.45    0.03</time>
   <time name="total">   14.46    0.83</time>
   <energy>
    <i name="alphaZ">      9.32052134 </i>
    <i name="ewald">     70.54702686 </i>
    <i name="hartreedc">   -348.19032607 </i>
    <i name="XCdc">     27.54579839 </i>
    <i name="pawpsdc">    854.01006928 </i>
    <i name="pawaedc">   -855.37012878 </i>
    <i name="eentropy">      0.00258179 </i>
    <i name="bandstr">    -70.09469629 </i>
    <i name="atom">    294.25444774 </i>
    <i name="e_fr_energy">    -17.97470574 </i>
    <i name="e_wo_entrp">    -17.97728753 </i>
    <i name="e_0_energy">    -17.97556634 </i>
   </energy>
  </scstep>
  <structure>
   <crystal>
    <varray name="basis" >
     <v>       1.23628307      -2.14130509      -0.00000000 </v>
     <v>       1.23628307       2.14130509       0.00000000 </v>
     <v>       0.00000000       0.00000000       6.65860920 </v>
    </varray>
    <i name="volume">     35.25412924 </i>
    <varray name="rec_basis" >
     <v>       0.40443812      -0.23350246      -0.00000000 </v>
     <v>       0.40443812       0.23350246      -0.00000000 </v>
     <v>      -0.00000000      -0.00000000       0.15018151 </v>
    </varray>
   </crystal>
   <varray name="positions" >
    <v>       0.33333333       0.16666667       0.50000000 </v>
    <v>       0.66666667       0.83333333       0.50000000 </v>
   </varray>
  </structure>
  <varray name="forces" >
   <v>      -0.00000000      -0.00000000      -0.00000000 </v>
   <v>       0.00000000       0.00000000       0.00000000 </v>
  </varray>
  <varray name="stress" >
   <v>      -2.44171304       0.00000000       0.00000000 </v>
   <v>       0.00000000      -2.44171304       0.00000000 </v>
   <v>       0.00000000       0.00000000     -10.21317974 </v>
  </varray>
  <energy>
   <i name="e_fr_energy">    -17.97470574 </i>
   <i name="e_wo_entrp">    -17.97728753 </i>
   <i name="e_0_energy">    -17.97556634 </i>
  </energy>
  <time name="totalsc">  293.78   16.70</time>
 </calculation>
   <time name="total">   6   <time name="dav">   36.37    2.16</time>
   <time name="total">   43.51    2.57</time>
   <energy>
    <i name="alphaZ">      9.48104393 </i>
    <i name="ewald">     60.32038335 </i>
    <i name="hartreedc">   -342.69589142 </i>
    <i name="XCdc">     27.69156053 </i>
    <i name="pawpsdc">    854.37598325 </i>
    <i name="pawaedc">   -855.73556050 </i>
    <i name="eentropy">      0.00258124 </i>
    <i name="bandstr">    -65.69386161 </i>
    <i name="atom">    294.25444774 </i>
    <i name="e_fr_energy">    -17.99931351 </i>
    <i name="e_wo_entrp">    -18.00189475 </i>
    <i name="e_0_energy">    -18.00017392 </i>
   </energy>
  </scstep>
  <scstep>
   <time name="diag">    2.75    0.15</time>
   <time name="diis">   11.97    0.67</time>
   <time name="orth">    0.60    0.03</time>
   <time name="total">   20.90    1.17</time>
   <energy>
    <i name="e_fr_energy">    -17.98409133 </i>
    <i name="e_wo_entrp">    -17.98667266 </i>
    <i name="   <time name="diag">   10.60    0.63</time>
   <time name="diis">   12.14    0.73</time>
   <time name="orth">       <time name="diis">   13.07    0.72</time>
   <time name="orth">    1.11    0.06</time>
   <time name="total">   24.67    1.36</time>
   <energy>
    <i name="e_fr_energy">    -17.97655444 </i>
    <i name="e_wo_entrp">    -17.97913621 </i>
    <i name="   <time name="diag">    9.68    0.58</time>
   <time name="diis">   10.99    0.61</time>
   <time name="orth">    3.51    0.20</time>
   <time name="total">   37.53    2.17</time>
   <energy>
    <i name="e_fr_energy">    -17.97693358 </i>
    <i name="e_wo_entrp">    -17.97951554 </i>
    <i name="e_0_energy">    -17.97779423 </i>
   </energy>
  </scstep>
  <scstep>
   <time name="diag">    8.90    0.49</time>
   <time name="diis">   11.09    0.60</time>
   <time name="orth">    1.98    0.11</time>
   <time name="total">   35.72    1.98</time>
   <energy>
    <i name="e_fr_energy">    -17.97736671 </i>
    <i name="e_wo_entrp">    -17.97994827 </i>
    <i name="e_0_energy">    -17.97822723 </i>
   </energy>
  </scstep>
  <scstep>
   <time name="diag">    3.49    0.19</time>
   <time name="diis">   15.04    0.81</time>
   <time name="orth">    4.40    0.24</time>
   <time name="total">   35.68    1.94</time>
   <energy>
    <i name="e_fr_energy">    -17.97758107 </i>
    <i name="e_wo_entrp">    -17.98016290 </i>
    <i name="e_0_energy">    -17.97844168 </i>
   </energy>
  </scstep>
  <scstep>
   <time name="diag">    7.89    0.46</time>
   <time name="diis">    7.47    0.44</time>
   <time name="orth">    2.94    0.17</time>
   <time name="total">   29.25    1.67</time>
   <energy>
    <i name="e_fr_energy">    -17.97761213 </i>
    <i name="e_wo_entrp">    -17.98019393 </i>
    <i name="e_0_energy">    -17.97847273 </i>
   </energy>
  </scstep>
  <scstep>
   <time name="diag">    6.24    0.34</time>
   <time name="diis">   11.56    0.62</time>
   <time name="orth">    4.71    0.26</time>
   <time name="total">   38.61    2.14</time>
   <energy>
    <i name="e_fr_energy">    -17.97772556 </i>
    <i name="e_wo_entrp">    -17.98030728 </i>
    <i name="e_0_energy">    -17.97858613 </i>
   </energy>
  </scstep>
  <scstep>
   <time name="diag">   14.52    0.80</time>
   <time name="diis">   10.63    0.60</time>
   <time name="orth">    5.84    0.33</time>
   <time name="total">   43.49    2.46</time>
   <energy>
    <i name="alphaZ">      9.48104393 </i>
    <i name="ewald">     60.32038335 </i>
    <i name="hartreedc">   -338.75805978 </i>
    <i name="XCdc">     27.54669968 </i>
    <i name="pawpsdc">    853.66677630 </i>
    <i name="pawaedc">   -855.02825228 </i>
    <i name="eentropy">      0.00258181 </i>
    <i name="bandstr">    -69.46335569 </i>
    <i name="atom">    294.25444774 </i>
    <i name="e_fr_energy">    -17.97773494 </i>
    <i name="e_wo_entrp">    -17.98031675 </i>
    <i name="e_0_energy">    -17.97859554 </i>
   </energy>
  </scstep>
  <structure>
   <crystal>
    <varray name="basis" >
     <v>       1.23625092      -2.14124940      -0.00000000 </v>
     <v>       1.23625092       2.14124940       0.00000000 </v>
     <v>       0.00000000       0.00000000       6.54621345 </v>
    </varray>
    <i name="volume">     34.65724517 </i>
    <varray name="rec_basis" >
     <v>       0.40444864      -0.23350853      -0.00000000 </v>
     <v>       0.40444864       0.23350853      -0.00000000 </v>
     <v>      -0.00000000      -0.00000000       0.15276007 </v>
    </varray>
   </crystal>
   <varray name="positions" >
    <v>       0.33333333       0.16666667       0.50000000 </v>
    <v>       0.66666667       0.83333333       0.50000000 </v>
   </varray>
  </structure>
  <varray name="forces" >
   <v>      -0.00000000      -0.00000000       0.00000000 </v>
   <v>       0.00000000       0.00000000       0.00000000 </v>
  </varray>
  <varray name="stress" >
   <v>      -1.60071543       0.00000000       0.00000000 </v>
   <v>       0.00000000      -1.60071543      -0.00000000 </v>
   <v>       0.00000000       0.00000000      -6.37973214 </v>
  </varray>
  <energy>
   <i name="e_fr_energy">    -17.97773494 </i>
   <i name="e_wo_entrp">    -17.98031675 </i>
   <i name="e_0_energy">    -17.97859554 </i>
  </energy>
  <time name="totalsc">  389.98   22.08</time>
 </calculation>
nergy>
  <time name="totalsc">  281.15   16.32</time>
 </calculation>
 <calculation>
  <scstep>
   <time name="dav">   25.59    1.42</time>
   <time name="total">   29.20    1.61</time>
   <energy>
    <i name="alphaZ">      9.81921391 </i>
    <i name="ewald">     39.86390415 </i>
    <i name="hartreedc">   -327.95667683 </i>
    <i name="XCdc">     27.84842551 </i>
    <i name="pawpsdc">    853.60320538 </i>
    <i name="pawaedc">   -854.96475751 </i>
    <i name="eentropy">      0.00258080 </i>
    <i name="bandstr">    -60.53958280 </i>
    <i name="atom">    294.25444774 </i>
    <i name="e_fr_energy">    -18.06923965 </i>
    <i name="e_wo_entrp">    -18.07182045 </i>
    <i name="e_0_energy">    -18.07009992 </i>
   </energy>
  </scstep>
  <scstep>
   <time name="diag">    3.12    0.16</time>
   <time name="diis">   13   <time name="dav">   47.75    2.73</time>
   <time name="total">   61.42    3.49</time>
   <energy>
    <i name="alphaZ">      9.81921391 </i>
    <i name="ewald">     39.86390415 </i>
    <i name="hartreedc">   -327.95667683 </i>
    <i name="XCdc">     27.84842551 </i>
    <i name="pawpsdc">    853.60320538 </i>
    <i name="pawaedc">   -854.96475751 </i>
    <i name="eentropy">      0.00258080 </i>
    <i name="bandstr">    -60.53958280 </i>
    <i name="atom">    294.25444774 </i>
    <i name="e_fr_energy">    -18.06923965 </i>
    <i name="e_wo_entrp">    -18.07182045 </i>
    <i name="e_0_energy">    -18.07009992 </i>
   </energy>
  </scstep>
  <scstep>
   <time name="diag">    5.82    0.33</time>
   <time name="diis">   11.04    0.68</time>
    <time name="orth">    8.58    0.46</time>
   <time name="total">   39.02    2.22</time>
   <energy>
    <i name="e_fr_energy">    -17.97842803 </i>
    <i name="e_wo_entrp">    -17.98101016 </i>
    <i name="e_0_energy">    -17.97928874 </i>
   </energy>
  </scstep>
  <scstep>    <time name="diag">    8.25    0.47</time>    <time name="diis">   13.52    0.81</time>
   <time name="orth">    1.95    0.11</time>
   <time name="total">   45.63    2.61</time>
   <energy>
    <i name="e_fr_energy">    -17.97913803 </i>
    <i name="e_wo_entrp">    -17.98171937 </i>
    <i name="e_0_energy">    -17.97999847 </i>
   </energy>
  </scstep>
  <scstep>
   <time name="diag">    4.72    0.21</time>
   <time name="diis">   15.01    0.75</time>
   <time name="orth">    4.76    0.24</time>
   <time name="total">   39.73    2.02</time>
   <energy>
    <i name="e_fr_energy">    -17.97977501 </i>
    <i name="e_wo_entrp">    -17.98235680 </i>
    <i name="e_0_energy">    -17.98063561 </i>
   </energy>
  </scstep>
  <scstep>    <time name="diag">    4.89    0.26</time>    <time name="diis">   11.76    0.64</time>
   <time name="orth">    1.46    0.08</time>    <time name="total">   35.26    1.87</time>
   <energy>
    <i name="e_fr_energy">    -17.97987148 </i>
    <i name="e_wo_entrp">    -17.98245327 </i>
    <i name="e_0_energy">    -17.98073208 </i>
   </energy>
  </scstep>
  <scstep>   <time name="diag">    5.92    0.37</time>
   <time name="diis">   11.63    0.73</time>
   <time name="orth">    5.45    0.34</time>
   <time name="total">   34.11    2.14</time>
   <energy>
    <i name="e_fr_energy">    -17.97977501 </i>
    <i name="e_wo_entrp">    -17.98235680 </i>
    <i name="e_0_energy">    -17.98063561 </i>
   </energy>
  </scstep>
  <scstep>
   <time name="diag">    4.25    0.21</time>
    <time name="diis">   11.57    0.66</time>    <time name="orth">    6.95    0.38</time>
   <time name="total">   49.00    2.73</time>
   <energy>
    <i name="e_fr_energy">    -17.98017122 </i>
    <i name="e_wo_entrp">    -17.98275301 </i>
    <i name="e_0_energy">    -17.98103182 </i>
   </energy>
  </scstep>
  <scstep>    <time name="diag">    5.66    0.32</time>    <time name="diis">    9.76    0.50</time>
   <time name="orth">    5.52    0.27</time>   <time name="total">   32.00    1.93</time>
   <energy>
    <i name="e_fr_energy">    -17.98015233 </i>
    <i name="e_wo_entrp">    -17.98273392 </i>
    <i name="e_0_energy">    -17.98101286 </i>
   </energy>
  </scstep>
  <scstep>
   <time name="diag">    8.63    0.51</time>
   <time name="diis">   12.09    0.78</time>
   <time name="orth">    0.19    0.01</time>
   <time name="total">   31.17    1.95</time>
   <energy>
    <i name="e_fr_energy">    -17.98017122 </i>
    <i name="e_wo_entrp">    -17.98275301 </i>
    <i name="e_0_energy">    -17.98103182 </i>
   </energy>
  </scstep>
  <scstep>
   <time name="diag">    1.22    0.04</time>
   <time name="diis">    6.47    0.29</time>
   <time name="orth">    2.51    0.07</time>
   <time name="total">   13.75    0.56</time>
   <energy>
    <i name="alphaZ">      9.81921391 </i>
    <i name="ewald">     39.86390415 </i>
    <i name="hartreedc">   -320.03001242 </i>
    <i name="XCdc">     27.55058524 </i>
    <i name="pawpsdc">    851.89647853 </i>
    <i name="pawaedc">   -853.26124484 </i>
    <i name="eentropy">      0.00258177 </i>
    <i name="bandstr">    -68.07612557 </i>
    <i name="atom">    294.25444774 </i>
    <i name="e_fr_energy">    -17.98017149 </i>
    <i name="e_wo_entrp">    -17.98275326 </i>
    <i name="e_0_energy">    -17.98103208 </i>
   </energy>
  </scstep>
  <structure>
   <crystal>
    <varray name="basis" >
     <v>       1.23618661      -2.14113802      -0.00000000 </v>
     <v>       1.23618661       2.14113802       0.00000000 </v>
     <v>       0.00000000       0.00000000       6.32142195 </v>
    </varray>
    <i name="volume">     33.46366287 </i>
    <varray name="rec_basis" >
     <v>       0.40446968      -0.23352068      -0.00000000 </v>
     <v>       0.40446968       0.23352068      -0.00000000 </v>
     <v>      -0.00000000      -0.00000000       0.15819226 </v>
    </varray>
   </crystal>
   <varray name="positions" >
    <v>       0  <eigenvalues>
   <array>
    <dimension dim="1">band</dimension>
    <dimension dim="2">kpoint</dimension>
    <dimension dim="3">spin</dimension>
    <field>eigene</field>
    <field>occ</field>
    <set>
     <set comment="spin 1">
      <set comment="kpoint 1">
       <r>  -19.0582    1.0000 </r>
       <r>   -7.3711    1.0000 </r>
       <r>   -2.5330    1.0000 </r>
       <r>   -2.5330    1.0000 </r>
       <r>    3.2309   -0.0000 </r>
       <r>    8.2400    0.0000 </r>
       <r>    8.7951    0.0000 </r>
       <r>    8.7951    0.0000 </r>
       <r>   11.3629    0.0000 </r>
       <r>   11.4980    0.0000 </r>
       <r>   12.5089    0.0000 </r>
       <r>   23.2397    0.0000   <time name="totalsc">  347.08   20.30</time>
  <eigenvalues>
   <array>
    <dimension dim="1">band</dimension>
    <dimension dim="2">kpoint</dimension>
    <dimension dim="3">spin</dimension>
    <field>eigene</field>
    <field>occ</field>
    <set>
     <set comment="spin 1">
      <set comment="kpoint 1">
       <r>  -19.0582    1.0000 </r>
       <r>   -7.3711    1.0000 </r>
       <r>   -2.5330    1.0000 </r>
       <r>   -2.5330    1.0000 </r>
       <r>    3.2309   -0.0000 </r>
       <r>    8.2400    0.0000 </r>
       <r>    8.7951    0.0000 </r>
       <r>    8.7951    0.0000 </r>
       <r>   11.3629    0.0000 </r>
       <r>   11.4980    0.0000 </r>
       <r>   12.5089    0.0000 </r>
       <r>   23.2397    0.0000 </r>
      </set>
      <set comment="kpoint 2">
       <r>  -16.4789    1.0000 </r>
       <r>   -9.1620    1.0000 </r>
       <r>   -5.2595    1.0000 </r>
       <r>   -4.4167    1.0000 </r>
       <r>    5.0102    0.0000 </r>
       <r>    6.7489    0.0000 </r>
       <r>    8.0259    0.0000 </r>
       <r>   11.3835    0.0000 </r>
       <r>   14.7352    0.0000 </r>
       <r>   15.9134    0.0000 </r>
       <r>   16.6898    0.0000 </r>
       <r>   18.4435    0.0000 </r>
      </set>
      <set comment="kpoint 3">
       <r>  -12.1659    1.0000 </r>
       <r>  -12.1659    1.0000 </r>
       <r>   -9.9918    1.0000 </r>
       <r>    0.1363    1.0000 </r>
       <r>    0.1363    1.0000 </r>
       <r>   11.1495    0.0000 </r>
       <r>   12.9142    0.0000 </r>
       <r>   12.9142    0.0000 </r>
       <r>   13.5087    0.0000 </r>
       <r>   15.9966    0.0000 </r>
       <r>   15.9966    0.0000 </r>
       <r>   17.9416    0.0000 </r>
      </set>
     </set>
     <set comment="spin 2">
      <set comment="kpoint 1">
       <r>  -18.7601    1.0000 </r>
       <r>   -6.6732    1.0000 </r>
       <r>   -2.4057    1.0000 </r>
       <r>   -2.4057    1.0000 </r>
       <r>    3.3909   -0.0000 </r>
       <r>    8.5113    0.0000 </r>
       <r>    8.8983    0.0000 </r>
       <r>    8.8983    0.0000 </r>
       <r>   11.7167    0.0000 </r>
       <r>   12.4807    0.0000 </r>
       <r>   13.2651    0.0000 </r>
       <r>   23.5592    0.0000 </r>
      </set>
      <set comment="kpoint 2">
       <r>  -16.1901    1.0000 </r>
       <r>   -8.9425    1.0000 </r>
       <r>   -5.1386    1.0000 </r>
       <r>   -3.6733    1.0000 </r>
       <r>    5.8766    0.0000 </r>
       <r>    6.9191    0.0000 </r>
       <r>    8.3461    0.0000 </r>
       <r>   11.6862    0.0000 </r>
       <r>   14.9565    0.0000 </r>
       <r>   16.2254    0.0000 </r>
       <r>   16.8103    0.0000 </r>
       <r>   18.7741    0.0000 </r>
      </set>
      <set comment="kpoint 3">
       <r>  -11.8693    1.0000 </r>
       <r>  -11.8693    1.0000 </r>
       <r>   -9.8984    1.0000 </r>
       <r>    0.9714   -0.0000 </r>
       <r>    0.9714   -0.0000 </r>
       <r>   11.3607    0.0000 </r>
       <r>   13.2049    0.0000 </r>
       <r>   13.2049    0.0000 </r>
       <r>   13.5959    0.0000 </r>
       <r>   16.2612    0.0000 </r>
       <r>   16.2612    0.0000 </r>
       <r>   17.9742    0.0000 </r>
      </set>
     </set>
    </set>
   </array>
  </eigenvalues>
  <separator name="orbital magnetization" >
   <v name="MAGDIPOLOUT">      0.00000000      0.00000000      0.00000000</v>
  </separator>
  <dos>
   <i name="efermi">      0.30464259 </i>
   <total>
    <array>
     <dimension dim="1">gridpoints</dimension>
     <dimension dim="2">spin</dimension>
     <field>energy</field>
     <field>total</field>
     <field>integrated</field>
     <set>
      <set comment="spin 1">
       <r>   -21.1891     0.0000     0.0000 </r>
       <r>   -21.0328     0.0000     0.0000 </r>
       <r>   -20.8765     0.0000     0.0000 </r>
       <r>   -20.7203    -0.0000    -0.0000 </r>
       <r>   -20.5640    -0.0000    -0.0000 </r>
       <r>   -20.4077    -0.0000    -0.0000 </r>
       <r>   -20.2515    -0.0000    -0.0000 </r>
       <r>   -20.0952    -0.0000    -0.0000 </r>
       <r>   -19.9389    -0.0000    -0.0000 </r>
       <r>   -19.7827    -0.0000    -0.0000 </r>
       <r>   -19.6264    -0.0002    -0.0000 </r>
       <r>   -19.4702    -0.0045    -0.0007 </r>
       <r>   -19.3139    -0.0203    -0.0039 </r>
       <r>   -19.1576     0.1184     0.0146 </r>
       <r>   -19.0014     0.4256     0.0811 </r>
       <r>   -18.8451     0.2138     0.1145 </r>
       <r>   -18.6888    -0.0128     0.1125 </r>
       <r>   -18.5326    -0.0086     0.1112 </r>
       <r>   -18.3763    -0.0005     0.1111 </r>
       <r>   -18.2200    -0.0000     0.1111 </r>
       <r>   -18.0638    -0.0000     0.1111 </r>
       <r>   -17.9075    -0.0000     0.1111 </r>
       <r>   -17.7513    -0.0000     0.1111 </r>
       <r>   -17.5950    -0.0000     0.1111 </r>
       <r>   -17.4387    -0.0000     0.1111 </r>
       <r>   -17.2825    -0.0000     0.1111 </r>
       <r>   -17.1262    -0.0001     0.1111 </r>
       <r>   -16.9699    -0.0059     0.1102 </r>
       <r>   -16.8137    -0.0780     0.0980 </r>
       <r>   -16.6574     0.0408     0.1044 </r>
       <r>   -16.5011     1.7768     0.3820 </r>
       <r>   -16.3449     2.3147     0.7437 </r>
       <r>   -16.1886     0.3449     0.7976 </r>
       <r>   -16.0324    -0.1120     0.7801 </r>
       <r>   -15.8761    -0.0146     0.7778 </r>
       <r>   -15.7198    -0.0004     0.7778 </r>
       <r>   -15.5636    -0.0000     0.7778 </r>
       <r>   -15.4073    -0.0000     0.7778 </r>
       <r>   -15.2510    -0.0000     0.7778 </r>
       <r>   -15.0948     0.0000     0.7778 </r>
       <r>   -14.9385     0.0000     0.7778 </r>
       <r>   -14.7822     0.0000     0.7778 </r>
       <r>   -14.6260     0.0000     0.7778 </r>
       <r>   -14.4697     0.0000     0.7778 </r>
       <r>   -14.3135     0.0000     0.7778 </r>
       <r>   -14.1572     0.0000     0.7778 </r>
       <r>   -14.0009     0.0000     0.7778 </r>
       <r>   -13.8447    -0.0000     0.7778 </r>
       <r>   -13.6884    -0.0000     0.7778 </r>
       <r>   -13.5321    -0.0000     0.7778 </r>
       <r>   -13.3759    -0.0000     0.7778 </r>
       <r>   -13.2196    -0.0000     0.7778 </r>
       <r>   -13.0633    -0.0000     0.7778 </r>
       <r>   -12.9071    -0.0000     0.7778 </r>
       <r>   -12.7508    -0.0004     0.7777 </r>
       <r>   -12.5946    -0.0135     0.7756 </r>
       <r>   -12.4383    -0.0801     0.7631 </r>
       <r>   -12.2820     0.3466     0.8172 </r>
       <r>   -12.1258     1.6416     1.0738 </r>
       <r>   -11.9695     1.0158     1.2325 </r>
       <r>   -11.8132    -0.0206     1.2293 </r>
       <r>   -11.6570    -0.0425     1.2226 </r>
       <r>   -11.5007    -0.0027     1.2222 </r>
       <r>   -11.3444    -0.0000     1.2222 </r>
       <r>   -11.1882    -0.0000     1.2222 </r>
       <r>   -11.0319    -0.0000     1.2222 </r>
       <r>   -10.8757    -0.0000     1.2222 </r>
       <r>   -10.7194    -0.0000     1.2222 </r>
       <r>   -10.5631    -0.0003     1.2222 </r>
       <r>   -10.4069    -0.0086     1.2208 </r>
       <r>   -10.2506    -0.0406     1.2145 </r>
       <r>   -10.0943     0.2244     1.2496 </r>
       <r>    -9.9381     0.8468     1.3819 </r>
       <r>    -9.7818     0.4422     1.4510 </r>
       <r>    -9.6255    -0.0337     1.4457 </r>
       <r>    -9.4693    -0.1181     1.4273 </r>
       <r>    -9.3130     0.2050     1.4593 </r>
       <r>    -9.1568     2.1320     1.7925 </r>
       <r>    -9.0005     2.0046     2.1057 </r>
       <r>    -8.8442     0.1352     2.1268 </r>
       <r>    -8.6880    -0.0920     2.1125 </r>
       <r>    -8.5317    -0.0085     2.1111 </r>
       <r>    -8.3754    -0.0002     2.1111 </r>
       <r>    -8.2192    -0.0000     2.1111 </r>
       <r>    -8.0629    -0.0000     2.1111 </r>
       <r>    -7.9066    -0.0004     2.1111 </r>
       <r>    -7.7504    -0.0075     2.1099 </r>
       <r>    -7.5941    -0.0159     2.1074 </r>
       <r>    -7.4379     0.1902     2.1371 </r>
       <r>    -7.2816     0.4307     2.2044 </r>
       <r>    -7.1253     0.1390     2.2262 </r>
       <r>    -6.9691    -0.0197     2.2231 </r>
       <r>    -6.8128    -0.0053     2.2223 </r>
       <r>    -6.6565    -0.0002     2.2222 </r>
       <r>    -6.5003    -0.0000     2.2222 </r>
       <r>    -6.3440    -0.0000     2.2222 </r>
       <r>    -6.1877    -0.0000     2.2222 </r>
       <r>    -6.0315    -0.0000     2.2222 </r>
       <r>    -5.8752    -0.0003     2.2222 </r>
       <r>    -5.7190    -0.0114     2.2204 </r>
       <r>    -5.5627    -0.1032     2.2043 </r>
       <r>    -5.4064     0.2366     2.2413 </r>
       <r>    -5.2502     2.1789     2.5817 </r>
       <r>    -5.0939     1.9520     2.8868 </r>
       <r>    -4.9376     0.1072     2.9035 </r>
       <r>    -4.7814    -0.1434     2.8811 </r>
       <r>    -4.6251    -0.0735     2.8696 </r>
       <r>    -4.4688     1.3502     3.0806 </r>
       <r>    -4.3126     2.5330     3.4764 </r>
       <r>    -4.1563     0.6543     3.5786 </r>
       <r>    -4.0001    -0.1219     3.5596 </r>
       <r>    -3.8438    -0.0250     3.5557 </r>
       <r>    -3.6875    -0.0008     3.5556 </r>
       <r>    -3.5313    -0.0000     3.5556 </r>
       <r>    -3.3750    -0.0000     3.5556 </r>
       <r>    -3.2187    -0.0000     3.5556 </r>
       <r>    -3.0625    -0.0008     3.5554 </r>
       <r>    -2.9062    -0.0163     3.5529 </r>
       <r>    -2.7499    -0.0281     3.5485 </r>
       <r>    -2.5937     0.4093     3.6124 </r>
       <r>    -2.4374     0.8559     3.7462 </r>
       <r>    -2.2812     0.2523     3.7856 </r>
       <r>    -2.1249    -0.0402     3.7793 </r>
       <r>    -1.9686    -0.0096     3.7778 </r>
       <r>    -1.8124    -0.0003     3.7778 </r>
       <r>    -1.6561    -0.0000     3.7778 </r>
       <r>    -1.4998    -0.0000     3.7778 </r>
       <r>    -1.3436    -0.0000     3.7778 </r>
       <r>    -1.1873    -0.0000     3.7778 </r>
       <r>    -1.0310    -0.0000     3.7778 </r>
       <r>    -0.8748    -0.0000     3.7778 </r>
       <r>    -0.7185    -0.0000     3.7778 </r>
       <r>    -0.5623    -0.0000     3.7778 </r>
       <r>    -0.4060    -0.0012     3.7776 </r>
       <r>    -0.2497    -0.0271     3.7734 </r>
       <r>    -0.0935    -0.0697     3.7625 </r>
       <r>     0.0628     0.6988     3.8717 </r>
       <r>     0.2191     1.7296     4.1419 </r>
       <r>     0.3753     0.6143     4.2379 </r>
       <r>     0.5316    -0.0760     4.2261 </r>
       <r>     0.6879    -0.0235     4.2224 </r>
       <r>     0.8441    -0.0010     4.2222 </r>
       <r>     1.0004    -0.0000     4.2222 </r>
       <r>     1.1566    -0.0000     4.2222 </r>
       <r>     1.3129    -0.0000     4.2222 </r>
       <r>     1.4692    -0.0000     4.2222 </r>
       <r>     1.6254    -0.0000     4.2222 </r>
       <r>     1.7817    -0.0000     4.2222 </r>
       <r>     1.9380    -0.0000     4.2222 </r>
       <r>     2.0942    -0.0000     4.2222 </r>
       <r>     2.2505    -0.0000     4.2222 </r>
       <r>     2.4068    -0.0000     4.2222 </r>
       <r>     2.5630    -0.0000     4.2222 </r>
       <r>     2.7193    -0.0006     4.2221 </r>
       <r>     2.8755    -0.0103     4.2205 </r>
       <r>     3.0318    -0.0066     4.2195 </r>
       <r>     3.1881     0.2473     4.2581 </r>
       <r>     3.3443     0.4135     4.3227 </r>
       <r>     3.5006     0.0916     4.3371 </r>
       <r>     3.6569    -0.0201     4.3339 </r>
       <r>     3.8131    -0.0035     4.3334 </r>
       <r>     3.9694    -0.0001     4.3333 </r>
       <r>     4.1257    -0.0000     4.3333 </r>
       <r>     4.2819    -0.0000     4.3333 </r>
       <r>     4.4382    -0.0008     4.3332 </r>
       <r>     4.5944    -0.0254     4.3292 </r>
       <r>     4.7507    -0.1219     4.3102 </r>
       <r>     4.9070     0.6653     4.4141 </r>
       <r>     5.0632     2.5374     4.8106 </r>
       <r>     5.2195     1.3368     5.0195 </r>
       <r>     5.3758    -0.0680     5.0089 </r>
       <r>     5.5320    -0.0541     5.0005 </r>
       <r>     5.6883    -0.0030     5.0000 </r>
       <r>     5.8446    -0.0000     5.0000 </r>
       <r>     6.0008    -0.0000     5.0000 </r>
       <r>     6.1571    -0.0005     4.9999 </r>
       <r>     6.3133    -0.0179     4.9971 </r>
       <r>     6.4696    -0.1177     4.9787 </r>
       <r>     6.6259     0.4492     5.0489 </r>
       <r>     6.7821     2.4116     5.4258 </r>
       <r>     6.9384     1.6219     5.6792 </r>
       <r>     7.0947    -0.0064     5.6782 </r>
       <r>     7.2509    -0.0691     5.6674 </r>
       <r>     7.4072    -0.0049     5.6666 </r>
       <r>     7.5635    -0.0108     5.6650 </r>
       <r>     7.7197    -0.1016     5.6491 </r>
       <r>     7.8760     0.2055     5.6812 </r>
       <r>     8.0323     2.1350     6.0148 </r>
       <r>     8.1885     2.2162     6.3611 </r>
       <r>     8.3448     0.5449     6.4463 </r>
       <r>     8.5010    -0.0198     6.4432 </r>
       <r>     8.6573     0.0753     6.4549 </r>
       <r>     8.8136     0.7549     6.5729 </r>
       <r>     8.9698     0.6095     6.6681 </r>
       <r>     9.1261     0.0198     6.6712 </r>
       <r>     9.2824    -0.0270     6.6670 </r>
       <r>     9.4386    -0.0021     6.6667 </r>
       <r>     9.5949    -0.0000     6.6667 </r>
       <r>     9.7512    -0.0000     6.6667 </r>
       <r>     9.9074    -0.0000     6.6667 </r>
       <r>    10.0637    -0.0000     6.6667 </r>
       <r>    10.2199    -0.0000     6.6667 </r>
       <r>    10.3762    -0.0000     6.6667 </r>
       <r>    10.5325    -0.0001     6.6667 </r>
       <r>    10.6887    -0.0037     6.6661 </r>
       <r>    10.8450    -0.0366     6.6603 </r>
       <r>    11.0013     0.0223     6.6638 </r>
       <r>    11.1575     0.6001     6.7576 </r>
       <r>    11.3138     1.9913     7.0688 </r>
       <r>    11.4701     3.3315     7.5894 </r>
       <r>    11.6263     1.3398     7.7987 </r>
       <r>    11.7826    -0.0734     7.7873 </r>
       <r>    11.9388    -0.0566     7.7784 </r>
       <r>    12.0951    -0.0085     7.7771 </r>
       <r>    12.2514    -0.0204     7.7739 </r>
       <r>    12.4076     0.1120     7.7914 </r>
       <r>    12.5639     0.3807     7.8509 </r>
       <r>    12.7202     0.2028     7.8826 </r>
       <r>    12.8764     1.0264     8.0430 </r>
       <r>    13.0327     1.6190     8.2959 </r>
       <r>    13.1890     0.2994     8.3427 </r>
       <r>    13.3452    -0.0387     8.3367 </r>
       <r>    13.5015     0.6468     8.4377 </r>
       <r>    13.6577     0.7180     8.5499 </r>
       <r>    13.8140     0.0736     8.5614 </r>
       <r>    13.9703    -0.0339     8.5561 </r>
       <r>    14.1265    -0.0039     8.5555 </r>
       <r>    14.2828    -0.0132     8.5535 </r>
       <r>    14.4391    -0.1082     8.5366 </r>
       <r>    14.5953     0.2938     8.5825 </r>
       <r>    14.7516     2.2559     8.9350 </r>
       <r>    14.9079     1.8575     9.2252 </r>
       <r>    15.0641     0.0704     9.2362 </r>
       <r>    15.2204    -0.0829     9.2233 </r>
       <r>    15.3766    -0.0089     9.2219 </r>
       <r>    15.5329    -0.0511     9.2139 </r>
       <r>    15.6892    -0.1638     9.1883 </r>
       <r>    15.8454     1.2606     9.3853 </r>
       <r>    16.0017     4.0071    10.0114 </r>
       <r>    16.1580     2.1854    10.3529 </r>
       <r>    16.3142    -0.0742    10.3413 </r>
       <r>    16.4705    -0.1828    10.3128 </r>
       <r>    16.6268     1.1866    10.4982 </r>
       <r>    16.7830     2.5749    10.9006 </r>
       <r>    16.9393     0.7873    11.0236 </r>
       <r>    17.0955    -0.1199    11.0049 </r>
       <r>    17.2518    -0.0300    11.0002 </r>
       <r>    17.4081    -0.0018    10.9999 </r>
       <r>    17.5643    -0.0154    10.9975 </r>
       <r>    17.7206    -0.0306    10.9927 </r>
       <r>    17.8769     0.3891    11.0535 </r>
       <r>    18.0331     0.8321    11.1835 </r>
       <r>    18.1894     0.1481    11.2067 </r>
       <r>    18.3457     0.6895    11.3144 </r>
       <r>    18.5019     2.5494    11.7128 </r>
       <r>    18.6582     1.2599    11.9097 </r>
       <r>    18.8144    -0.0799    11.8972 </r>
       <r>    18.9707    -0.0504    11.8893 </r>
       <r>    19.1270    -0.0026    11.8889 </r>
       <r>    19.2832    -0.0000    11.8889 </r>
       <r>    19.4395    -0.0000    11.8889 </r>
       <r>    19.5958    -0.0000    11.8889 </r>
       <r>    19.7520    -0.0000    11.8889 </r>
       <r>    19.9083     0.0000    11.8889 </r>
       <r>    20.0646     0.0000    11.8889 </r>
       <r>    20.2208     0.0000    11.8889 </r>
       <r>    20.3771     0.0000    11.8889 </r>
       <r>    20.5333     0.0000    11.8889 </r>
       <r>    20.6896     0.0000    11.8889 </r>
       <r>    20.8459     0.0000    11.8889 </r>
       <r>    21.0021     0.0000    11.8889 </r>
       <r>    21.1584     0.0000    11.8889 </r>
       <r>    21.3147     0.0000    11.8889 </r>
       <r>    21.4709     0.0000    11.8889 </r>
       <r>    21.6272    -0.0000    11.8889 </r>
       <r>    21.7835    -0.0000    11.8889 </r>
       <r>    21.9397    -0.0000    11.8889 </r>
       <r>    22.0960    -0.0000    11.8889 </r>
       <r>    22.2522    -0.0000    11.8889 </r>
       <r>    22.4085    -0.0000    11.8889 </r>
       <r>    22.5648    -0.0000    11.8889 </r>
       <r>    22.7210    -0.0005    11.8888 </r>
       <r>    22.8773    -0.0094    11.8873 </r>
       <r>    23.0336    -0.0100    11.8858 </r>
       <r>    23.1898     0.2305    11.9218 </r>
       <r>    23.3461     0.4202    11.9875 </r>
       <r>    23.5024     0.1046    12.0038 </r>
       <r>    23.6586    -0.0203    12.0006 </r>
       <r>    23.8149    -0.0040    12.0000 </r>
       <r>    23.9711    -0.0001    12.0000 </r>
       <r>    24.1274    -0.0000    12.0000 </r>
       <r>    24.2837    -0.0000    12.0000 </r>
       <r>    24.4399    -0.0000    12.0000 </r>
       <r>    24.5962    -0.0000    12.0000 </r>
       <r>    24.7525     0.0000    12.0000 </r>
       <r>    24.9087     0.0000    12.0000 </r>
       <r>    25.0650     0.0000    12.0000 </r>
       <r>    25.2213     0.0000    12.0000 </r>
       <r>    25.3775     0.0000    12.0000 </r>
       <r>    25.5338     0.0000    12.0000 </r>
       <r>    25.6900     0.0000    12.0000 </r>
      </set>
      <set comment="spin 2">
       <r>   -21.1891     0.0000     0.0000 </r>
       <r>   -21.0328     0.0000     0.0000 </r>
       <r>   -20.8765     0.0000     0.0000 </r>
       <r>   -20.7203     0.0000     0.0000 </r>
       <r>   -20.5640     0.0000     0.0000 </r>
       <r>   -20.4077    -0.0000    -0.0000 </r>
       <r>   -20.2515    -0.0000    -0.0000 </r>
       <r>   -20.0952    -0.0000    -0.0000 </r>
       <r>   -19.9389    -0.0000    -0.0000 </r>
       <r>   -19.7827    -0.0000    -0.0000 </r>
       <r>   -19.6264    -0.0000    -0.0000 </r>
       <r>   -19.4702    -0.0000    -0.0000 </r>
       <r>   -19.3139    -0.0002    -0.0000 </r>
       <r>   -19.1576    -0.0057    -0.0009 </r>
       <r>   -19.0014    -0.0193    -0.0039 </r>
       <r>   -18.8451     0.1488     0.0193 </r>
       <r>   -18.6888     0.4320     0.0868 </r>
       <r>   -18.5326     0.1797     0.1149 </r>
       <r>   -18.3763    -0.0170     0.1123 </r>
       <r>   -18.2200    -0.0070     0.1112 </r>
       <r>   -18.0638    -0.0003     0.1111 </r>
       <r>   -17.9075    -0.0000     0.1111 </r>
       <r>   -17.7513    -0.0000     0.1111 </r>
       <r>   -17.5950    -0.0000     0.1111 </r>
       <r>   -17.4387    -0.0000     0.1111 </r>
       <r>   -17.2825    -0.0000     0.1111 </r>
       <r>   -17.1262    -0.0000     0.1111 </r>
       <r>   -16.9699    -0.0000     0.1111 </r>
       <r>   -16.8137    -0.0002     0.1111 </r>
       <r>   -16.6574    -0.0097     0.1096 </r>
       <r>   -16.5011    -0.0973     0.0944 </r>
       <r>   -16.3449     0.1794     0.1224 </r>
       <r>   -16.1886     2.0875     0.4486 </r>
       <r>   -16.0324     2.0515     0.7692 </r>
       <r>   -15.8761     0.1594     0.7941 </r>
       <r>   -15.7198    -0.0950     0.7792 </r>
       <r>   -15.5636    -0.0092     0.7778 </r>
       <r>   -15.4073    -0.0002     0.7778 </r>
       <r>   -15.2510    -0.0000     0.7778 </r>
       <r>   -15.0948    -0.0000     0.7778 </r>
       <r>   -14.9385    -0.0000     0.7778 </r>
       <r>   -14.7822     0.0000     0.7778 </r>
       <r>   -14.6260     0.0000     0.7778 </r>
       <r>   -14.4697     0.0000     0.7778 </r>
       <r>   -14.3135     0.0000     0.7778 </r>
       <r>   -14.1572     0.0000     0.7778 </r>
       <r>   -14.0009     0.0000     0.7778 </r>
       <r>   -13.8447     0.0000     0.7778 </r>
       <r>   -13.6884     0.0000     0.7778 </r>
       <r>   -13.5321    -0.0000     0.7778 </r>
       <r>   -13.3759    -0.0000     0.7778 </r>
       <r>   -13.2196    -0.0000     0.7778 </r>
       <r>   -13.0633    -0.0000     0.7778 </r>
       <r>   -12.9071    -0.0000     0.7778 </r>
       <r>   -12.7508    -0.0000     0.7778 </r>
       <r>   -12.5946    -0.0000     0.7778 </r>
       <r>   -12.4383    -0.0006     0.7777 </r>
       <r>   -12.2820    -0.0178     0.7749 </r>
       <r>   -12.1258    -0.0811     0.7622 </r>
       <r>   -11.9695     0.4676     0.8353 </r>
       <r>   -11.8132     1.7005     1.1010 </r>
       <r>   -11.6570     0.8621     1.2357 </r>
       <r>   -11.5007    -0.0500     1.2279 </r>
       <r>   -11.3444    -0.0346     1.2225 </r>
       <r>   -11.1882    -0.0018     1.2222 </r>
       <r>   -11.0319    -0.0000     1.2222 </r>
       <r>   -10.8757    -0.0000     1.2222 </r>
       <r>   -10.7194    -0.0000     1.2222 </r>
       <r>   -10.5631    -0.0000     1.2222 </r>
       <r>   -10.4069    -0.0013     1.2220 </r>
       <r>   -10.2506    -0.0214     1.2187 </r>
       <r>   -10.0943    -0.0098     1.2171 </r>
       <r>    -9.9381     0.5102     1.2969 </r>
       <r>    -9.7818     0.8197     1.4250 </r>
       <r>    -9.6255     0.1716     1.4518 </r>
       <r>    -9.4693    -0.0426     1.4451 </r>
       <r>    -9.3130    -0.0574     1.4361 </r>
       <r>    -9.1568    -0.0792     1.4238 </r>
       <r>    -9.0005     1.2662     1.6216 </r>
       <r>    -8.8442     2.5581     2.0214 </r>
       <r>    -8.6880     0.7242     2.1345 </r>
       <r>    -8.5317    -0.1213     2.1156 </r>
       <r>    -8.3754    -0.0276     2.1113 </r>
       <r>    -8.2192    -0.0010     2.1111 </r>
       <r>    -8.0629    -0.0000     2.1111 </r>
       <r>    -7.9066    -0.0000     2.1111 </r>
       <r>    -7.7504    -0.0000     2.1111 </r>
       <r>    -7.5941    -0.0000     2.1111 </r>
       <r>    -7.4379    -0.0000     2.1111 </r>
       <r>    -7.2816    -0.0001     2.1111 </r>
       <r>    -7.1253    -0.0022     2.1108 </r>
       <r>    -6.9691    -0.0181     2.1079 </r>
       <r>    -6.8128     0.0494     2.1157 </r>
       <r>    -6.6565     0.3765     2.1745 </r>
       <r>    -6.5003     0.3089     2.2228 </r>
       <r>    -6.3440     0.0115     2.2246 </r>
       <r>    -6.1877    -0.0138     2.2224 </r>
       <r>    -6.0315    -0.0011     2.2222 </r>
       <r>    -5.8752    -0.0000     2.2222 </r>
       <r>    -5.7190    -0.0007     2.2221 </r>
       <r>    -5.5627    -0.0220     2.2187 </r>
       <r>    -5.4064    -0.1213     2.1997 </r>
       <r>    -5.2502     0.5697     2.2887 </r>
       <r>    -5.0939     2.4923     2.6782 </r>
       <r>    -4.9376     1.4576     2.9060 </r>
       <r>    -4.7814    -0.0454     2.8989 </r>
       <r>    -4.6251    -0.0602     2.8895 </r>
       <r>    -4.4688    -0.0036     2.8889 </r>
       <r>    -4.3126    -0.0002     2.8889 </r>
       <r>    -4.1563    -0.0070     2.8878 </r>
       <r>    -4.0001    -0.0846     2.8746 </r>
       <r>    -3.8438     0.0819     2.8874 </r>
       <r>    -3.6875     1.8863     3.1821 </r>
       <r>    -3.5313     2.2333     3.5311 </r>
       <r>    -3.3750     0.2761     3.5742 </r>
       <r>    -3.2187    -0.1068     3.5576 </r>
       <r>    -3.0625    -0.0126     3.5556 </r>
       <r>    -2.9062    -0.0019     3.5553 </r>
       <r>    -2.7499    -0.0234     3.5516 </r>
       <r>    -2.5937    -0.0001     3.5516 </r>
       <r>    -2.4374     0.5479     3.6372 </r>
       <r>    -2.2812     0.7997     3.7622 </r>
       <r>    -2.1249     0.1446     3.7848 </r>
       <r>    -1.9686    -0.0390     3.7787 </r>
       <r>    -1.8124    -0.0058     3.7778 </r>
       <r>    -1.6561    -0.0002     3.7778 </r>
       <r>    -1.4998    -0.0000     3.7778 </r>
       <r>    -1.3436    -0.0000     3.7778 </r>
       <r>    -1.1873    -0.0000     3.7778 </r>
       <r>    -1.0310    -0.0000     3.7778 </r>
       <r>    -0.8748     0.0000     3.7778 </r>
       <r>    -0.7185    -0.0000     3.7778 </r>
       <r>    -0.5623    -0.0000     3.7778 </r>
       <r>    -0.4060    -0.0000     3.7778 </r>
       <r>    -0.2497    -0.0000     3.7778 </r>
       <r>    -0.0935    -0.0000     3.7778 </r>
       <r>     0.0628    -0.0000     3.7778 </r>
       <r>     0.2191    -0.0000     3.7778 </r>
       <r>     0.3753    -0.0003     3.7777 </r>
       <r>     0.5316    -0.0111     3.7760 </r>
       <r>     0.6879    -0.0771     3.7640 </r>
       <r>     0.8441     0.2714     3.8064 </r>
       <r>     1.0004     1.5839     4.0539 </r>
       <r>     1.1566     1.1220     4.2292 </r>
       <r>     1.3129     0.0072     4.2303 </r>
       <r>     1.4692    -0.0484     4.2228 </r>
       <r>     1.6254    -0.0034     4.2222 </r>
       <r>     1.7817    -0.0001     4.2222 </r>
       <r>     1.9380    -0.0000     4.2222 </r>
       <r>     2.0942    -0.0000     4.2222 </r>
       <r>     2.2505    -0.0000     4.2222 </r>
       <r>     2.4068    -0.0000     4.2222 </r>
       <r>     2.5630    -0.0000     4.2222 </r>
       <r>     2.7193    -0.0000     4.2222 </r>
       <r>     2.8755    -0.0006     4.2221 </r>
       <r>     3.0318    -0.0098     4.2206 </r>
       <r>     3.1881    -0.0085     4.2193 </r>
       <r>     3.3443     0.2383     4.2565 </r>
       <r>     3.5006     0.4173     4.3217 </r>
       <r>     3.6569     0.0985     4.3371 </r>
       <r>     3.8131    -0.0203     4.3339 </r>
       <r>     3.9694    -0.0038     4.3334 </r>
       <r>     4.1257    -0.0001     4.3333 </r>
       <r>     4.2819    -0.0000     4.3333 </r>
       <r>     4.4382    -0.0000     4.3333 </r>
       <r>     4.5944    -0.0000     4.3333 </r>
       <r>     4.7507    -0.0000     4.3333 </r>
       <r>     4.9070    -0.0000     4.3333 </r>
       <r>     5.0632    -0.0000     4.3333 </r>
       <r>     5.2195    -0.0001     4.3333 </r>
       <r>     5.3758    -0.0048     4.3326 </r>
       <r>     5.5320    -0.0701     4.3216 </r>
       <r>     5.6883    -0.0017     4.3214 </r>
       <r>     5.8446     1.6391     4.5775 </r>
       <r>     6.0008     2.4018     4.9528 </r>
       <r>     6.1571     0.4372     5.0211 </r>
       <r>     6.3133    -0.1175     5.0028 </r>
       <r>     6.4696    -0.0314     4.9979 </r>
       <r>     6.6259    -0.1106     4.9806 </r>
       <r>     6.7821     0.3183     5.0303 </r>
       <r>     6.9384     2.2852     5.3874 </r>
       <r>     7.0947     1.8184     5.6716 </r>
       <r>     7.2509     0.0556     5.6802 </r>
       <r>     7.4072    -0.0805     5.6677 </r>
       <r>     7.5635    -0.0063     5.6667 </r>
       <r>     7.7197    -0.0003     5.6666 </r>
       <r>     7.8760    -0.0092     5.6652 </r>
       <r>     8.0323    -0.0964     5.6501 </r>
       <r>     8.1885     0.1458     5.6729 </r>
       <r>     8.3448     2.0705     5.9965 </r>
       <r>     8.5010     2.3973     6.3711 </r>
       <r>     8.6573     0.5049     6.4500 </r>
       <r>     8.8136     0.2425     6.4879 </r>
       <r>     8.9698     0.8371     6.6187 </r>
       <r>     9.1261     0.3559     6.6743 </r>
       <r>     9.2824    -0.0341     6.6689 </r>
       <r>     9.4386    -0.0139     6.6668 </r>
       <r>     9.5949    -0.0006     6.6667 </r>
       <r>     9.7512    -0.0000     6.6667 </r>
       <r>     9.9074    -0.0000     6.6667 </r>
       <r>    10.0637    -0.0000     6.6667 </r>
       <r>    10.2199    -0.0000     6.6667 </r>
       <r>    10.3762    -0.0000     6.6667 </r>
       <r>    10.5325    -0.0000     6.6667 </r>
       <r>    10.6887    -0.0000     6.6667 </r>
       <r>    10.8450    -0.0011     6.6665 </r>
       <r>    11.0013    -0.0196     6.6634 </r>
       <r>    11.1575    -0.0200     6.6603 </r>
       <r>    11.3138     0.4208     6.7261 </r>
       <r>    11.4701     0.7323     6.8405 </r>
       <r>    11.6263     1.5740     7.0865 </r>
       <r>    11.7826     2.9548     7.5482 </r>
       <r>    11.9388     0.9320     7.6938 </r>
       <r>    12.0951    -0.1436     7.6714 </r>
       <r>    12.2514    -0.0534     7.6631 </r>
       <r>    12.4076     0.1742     7.6903 </r>
       <r>    12.5639     0.4322     7.7578 </r>
       <r>    12.7202     0.1480     7.7809 </r>
       <r>    12.8764    -0.0810     7.7683 </r>
       <r>    13.0327     0.0242     7.7721 </r>
       <r>    13.1890     1.4006     7.9909 </r>
       <r>    13.3452     1.8936     8.2868 </r>
       <r>    13.5015     0.6106     8.3823 </r>
       <r>    13.6577     0.7666     8.5020 </r>
       <r>    13.8140     0.3887     8.5628 </r>
       <r>    13.9703    -0.0294     8.5582 </r>
       <r>    14.1265    -0.0160     8.5557 </r>
       <r>    14.2828    -0.0008     8.5556 </r>
       <r>    14.4391    -0.0033     8.5550 </r>
       <r>    14.5953    -0.0573     8.5461 </r>
       <r>    14.7516    -0.0567     8.5372 </r>
       <r>    14.9079     1.4003     8.7560 </r>
       <r>    15.0641     2.5152     9.1491 </r>
       <r>    15.2204     0.6142     9.2451 </r>
       <r>    15.3766    -0.1218     9.2260 </r>
       <r>    15.5329    -0.0236     9.2223 </r>
       <r>    15.6892    -0.0034     9.2218 </r>
       <r>    15.8454    -0.0613     9.2122 </r>
       <r>    16.0017    -0.1775     9.1845 </r>
       <r>    16.1580     1.5755     9.4307 </r>
       <r>    16.3142     4.2718    10.0982 </r>
       <r>    16.4705     1.6600    10.3576 </r>
       <r>    16.6268    -0.1451    10.3349 </r>
       <r>    16.7830     1.6389    10.5910 </r>
       <r>    16.9393     2.3577    10.9595 </r>
       <r>    17.0955     0.3907    11.0205 </r>
       <r>    17.2518    -0.1148    11.0026 </r>
       <r>    17.4081    -0.0164    11.0000 </r>
       <r>    17.5643    -0.0098    10.9985 </r>
       <r>    17.7206    -0.0404    10.9922 </r>
       <r>    17.8769     0.2452    11.0305 </r>
       <r>    18.0331     0.8539    11.1639 </r>
       <r>    18.1894     0.4169    11.2291 </r>
       <r>    18.3457    -0.0474    11.2217 </r>
       <r>    18.5019    -0.1369    11.2003 </r>
       <r>    18.6582     0.5212    11.2817 </r>
       <r>    18.8144     2.4638    11.6667 </r>
       <r>    18.9707     1.5209    11.9044 </r>
       <r>    19.1270    -0.0316    11.8995 </r>
       <r>    19.2832    -0.0636    11.8895 </r>
       <r>    19.4395    -0.0040    11.8889 </r>
       <r>    19.5958    -0.0001    11.8889 </r>
       <r>    19.7520    -0.0000    11.8889 </r>
       <r>    19.9083    -0.0000    11.8889 </r>
       <r>    20.0646    -0.0000    11.8889 </r>
       <r>    20.2208     0.0000    11.8889 </r>
       <r>    20.3771     0.0000    11.8889 </r>
       <r>    20.5333     0.0000    11.8889 </r>
       <r>    20.6896     0.0000    11.8889 </r>
       <r>    20.8459     0.0000    11.8889 </r>
       <r>    21.0021     0.0000    11.8889 </r>
       <r>    21.1584     0.0000    11.8889 </r>
       <r>    21.3147     0.0000    11.8889 </r>
       <r>    21.4709     0.0000    11.8889 </r>
       <r>    21.6272     0.0000    11.8889 </r>
       <r>    21.7835     0.0000    11.8889 </r>
       <r>    21.9397    -0.0000    11.8889 </r>
       <r>    22.0960    -0.0000    11.8889 </r>
       <r>    22.2522    -0.0000    11.8889 </r>
       <r>    22.4085    -0.0000    11.8889 </r>
       <r>    22.5648    -0.0000    11.8889 </r>
       <r>    22.7210    -0.0000    11.8889 </r>
       <r>    22.8773    -0.0000    11.8889 </r>
       <r>    23.0336    -0.0005    11.8888 </r>
       <r>    23.1898    -0.0086    11.8875 </r>
       <r>    23.3461    -0.0128    11.8855 </r>
       <r>    23.5024     0.2138    11.9189 </r>
       <r>    23.6586     0.4256    11.9854 </r>
       <r>    23.8149     0.1184    12.0039 </r>
       <r>    23.9711    -0.0203    12.0007 </r>
       <r>    24.1274    -0.0045    12.0000 </r>
       <r>    24.2837    -0.0002    12.0000 </r>
       <r>    24.4399    -0.0000    12.0000 </r>
       <r>    24.5962    -0.0000    12.0000 </r>
       <r>    24.7525    -0.0000    12.0000 </r>
       <r>    24.9087    -0.0000    12.0000 </r>
       <r>    25.0650     0.0000    12.0000 </r>
       <r>    25.2213     0.0000    12.0000 </r>
       <r>    25.3775     0.0000    12.0000 </r>
       <r>    25.5338     0.0000    12.0000 </r>
       <r>    25.6900     0.0000    12.0000 </r>
      </set>
     </set>
    </array>
   </total>
  </dos>
 </calculation>
 <structure name="finalpos" >
  <crystal>
   <varray name="basis" >
    <v>       1.23618661      -2.14113802      -0.00000000 </v>
    <v>       1.23618661       2.14113802       0.00000000 </v>
    <v>       0.00000000       0.00000000       6.32142195 </v>
   </varray>
   <i name="volume">     33.46366287 </i>
   <varray name="rec_basis" >
    <v>       0.40446968      -0.23352068      -0.00000000 </v>
    <v>       0.40446968       0.23352068      -0.00000000 </v>
    <v>      -0.00000000      -0.00000000       0.15819226 </v>
   </varray>
  </crystal>
  <varray name="positions" >
   <v>       0.33333333       0.16666667       0.50000000 </v>
   <v>       0.66666667       0.83333333       0.50000000 </v>
  </varray>
  <varray name="selective"  type="logical" >
   <v type="logical" >  T  T  T </v>
   <v type="logical" >  T  T  T </v>
  </varray>
  <nose>
   <v>      -3.00000000       0.00000000       0.00010000       0.00010000 </v>
  </nose>
 </structure>
</modeling>
