<?xml version="1.0" encoding="ISO-8859-1"?>
<modeling>
 <generator>
  <i name="program" type="string">vasp </i>
  <i name="version" type="string">6.5.0  </i>
  <i name="subversion" type="string">16Dec24 (build Mar 16 2025 21:55:21) complex                          parallel </i>
  <i name="platform" type="string">LinuxIFC </i>
  <i name="date" type="string">2026 01 27 </i>
  <i name="time" type="string">10:54:40 </i>
 </generator>
 <incar>
  <i type="string" name="PREC">Accurate</i>
  <i type="string" name="ALGO">Fast</i>
  <i type="int" name="ISPIN">     2</i>
  <i type="int" name="IBRION">     2</i>
  <i name="EDIFF">      0.00001000</i>
  <i name="EDIFFG">     -0.01000000</i>
  <i type="int" name="NSW">     0</i>
  <i type="int" name="ISIF">     3</i>
  <v name="MAGMOM">      1.00000000      1.00000000</v>
  <i type="logical" name="LREAL"> F  </i>
  <i type="int" name="ISMEAR">     1</i>
  <i name="SIGMA">      0.20000000</i>
  <i type="logical" name="LWAVE"> F  </i>
 </incar>
 <primitive_cell>
  <structure name="primitive_cell" >
   <crystal>
    <varray name="basis" >
     <v>       1.23618661      -2.14113802       0.00000000 </v>
     <v>       1.23618661       2.14113802       0.00000000 </v>
     <v>       0.00000000       0.00000000       6.32142195 </v>
    </varray>
    <i name="volume">     33.46366287 </i>
    <varray name="rec_basis" >
     <v>       0.40446968      -0.23352068       0.00000000 </v>
     <v>       0.40446968       0.23352068       0.00000000 </v>
     <v>       0.00000000       0.00000000       0.15819226 </v>
    </varray>
   </crystal>
   <varray name="positions" >
    <v>       0.33333333       0.16666667       0.50000000 </v>
    <v>       0.66666667       0.83333333       0.50000000 </v>
   </varray>
  </structure>
  <varray name="primitive_index" >
   <v type="int" >        1 </v>
   <v type="int" >        2 </v>
  </varray>
 </primitive_cell>
 <kpoints>
  <generation param="Gamma">
   <v type="int" name="divisions">       4        4        1 </v>
   <v name="usershift">      0.00000000       0.00000000       0.00000000 </v>
   <v name="genvec1">      0.25000000       0.00000000       0.00000000 </v>
   <v name="genvec2">      0.00000000       0.25000000       0.00000000 </v>
   <v name="genvec3">      0.00000000       0.00000000       1.00000000 </v>
   <v name="shift">      0.00000000       0.00000000       0.00000000 </v>
  </generation>
  <varray name="kpointlist" >
   <v>       0.00000000       0.00000000       0.00000000 </v>
   <v>       0.25000000       0.00000000       0.00000000 </v>
   <v>       0.50000000       0.00000000       0.00000000 </v>
   <v>       0.25000000       0.25000000       0.00000000 </v>
  </varray>
  <varray name="weights" >
   <v>       0.06250000 </v>
   <v>       0.37500000 </v>
   <v>       0.18750000 </v>
   <v>       0.37500000 </v>
  </varray>
 </kpoints>
 <parameters>
  <separator name="general" >
   <i type="string" name="SYSTEM">unknown system</i>
   <i type="logical" name="LCOMPAT"> F  </i>
  </separator>
  <separator name="electronic" >
   <i type="string" name="PREC">accura</i>
   <i name="ENMAX">    400.00000000</i>
   <i name="ENAUG">    644.87300000</i>
   <i name="EDIFF">      0.00001000</i>
   <i type="int" name="IALGO">    68</i>
   <i type="int" name="IWAVPR">    10</i>
   <i type="int" name="NBANDS">    12</i>
   <i type="int" name="NBANDSLOW">    -1</i>
   <i type="int" name="NBANDSHIGH">    -1</i>
   <i name="NELECT">      8.00000000</i>
   <i type="int" name="TURBO">     0</i>
   <i type="int" name="IRESTART">     0</i>
   <i type="int" name="NREBOOT">     0</i>
   <i type="int" name="NMIN">     0</i>
   <i name="EREF">      0.00000000</i>
   <separator name="electronic smearing" >
    <i type="int" name="ISMEAR">     1</i>
    <i name="SIGMA">      0.20000000</i>
    <i name="KSPACING">      0.50000000</i>
    <i type="logical" name="KGAMMA"> T  </i>
    <i type="logical" name="KBLOWUP"> T  </i>
   </separator>
   <separator name="electronic projectors" >
    <i type="logical" name="LREAL"> F  </i>
    <v name="ROPT">      0.00000000</v>
    <i type="int" name="LMAXPAW">  -100</i>
    <i type="int" name="LMAXMIX">     2</i>
    <i type="logical" name="NLSPLINE"> F  </i>
   </separator>
   <separator name="electronic startup" >
    <i type="int" name="ISTART">     0</i>
    <i type="int" name="ICHARG">     2</i>
    <i type="int" name="INIWAV">     1</i>
   </separator>
   <separator name="electronic spin" >
    <i type="int" name="ISPIN">     2</i>
    <i type="logical" name="LNONCOLLINEAR"> F  </i>
    <v name="MAGMOM">      1.00000000      1.00000000</v>
    <i name="NUPDOWN">     -1.00000000</i>
    <i type="logical" name="LSORBIT"> F  </i>
    <v name="SAXIS">      0.00000000      0.00000000      1.00000000</v>
    <i type="logical" name="LSPIRAL"> F  </i>
    <v name="QSPIRAL">      0.00000000      0.00000000      0.00000000</v>
    <i type="logical" name="LZEROZ"> F  </i>
   </separator>
   <separator name="electronic exchange-correlation" >
    <i type="logical" name="LASPH"> F  </i>
   </separator>
   <separator name="electronic convergence" >
    <i type="int" name="NELM">    60</i>
    <i type="int" name="NELMDL">    -5</i>
    <i type="int" name="NELMIN">     2</i>
    <i name="ENINI">    400.00000000</i>
    <separator name="electronic convergence detail" >
     <i type="logical" name="LDIAG"> T  </i>
     <i type="logical" name="LSUBROT"> F  </i>
     <i name="WEIMIN">      0.00000000</i>
     <i name="EBREAK">      0.00000021</i>
     <i name="DEPER">      0.30000000</i>
     <i type="int" name="NRMM">     4</i>
     <i name="TIME">      0.40000000</i>
    </separator>
   </separator>
   <separator name="electronic mixer" >
    <i name="AMIX">      0.40000000</i>
    <i name="BMIX">      1.00000000</i>
    <i name="AMIN">      0.10000000</i>
    <i name="AMIX_MAG">      1.60000000</i>
    <i name="BMIX_MAG">      1.00000000</i>
    <separator name="electronic mixer details" >
     <i type="int" name="IMIX">     4</i>
     <i type="logical" name="MIXFIRST"> F  </i>
     <i type="int" name="MAXMIX">   -45</i>
     <i name="WC">    100.00000000</i>
     <i type="int" name="INIMIX">     1</i>
     <i type="int" name="MIXPRE">     1</i>
     <i type="int" name="MREMOVE">     5</i>
    </separator>
   </separator>
   <separator name="electronic dipolcorrection" >
    <i type="logical" name="LDIPOL"> F  </i>
    <i type="logical" name="LMONO"> F  </i>
    <i type="int" name="IDIPOL">     0</i>
    <i name="EPSILON">      1.00000000</i>
    <v name="DIPOL">   -100.00000000   -100.00000000   -100.00000000</v>
    <i name="EFIELD">      0.00000000</i>
    <i type="logical" name="LVACPOTAV"> F  </i>
   </separator>
  </separator>
  <separator name="grids" >
   <i type="int" name="NGX">    16</i>
   <i type="int" name="NGY">    16</i>
   <i type="int" name="NGZ">    42</i>
   <i type="int" name="NGXF">    32</i>
   <i type="int" name="NGYF">    32</i>
   <i type="int" name="NGZF">    84</i>
   <i type="logical" name="ADDGRID"> F  </i>
  </separator>
  <separator name="ionic" >
   <i type="int" name="NSW">     0</i>
   <i type="int" name="IBRION">    -1</i>
   <i type="int" name="MDALGO">     0</i>
   <i type="int" name="ISIF">     3</i>
   <i name="PSTRESS">      0.00000000</i>
   <i name="EDIFFG">     -0.01000000</i>
   <i type="int" name="NFREE">     1</i>
   <i name="POTIM">      0.50000000</i>
   <i name="SMASS">     -3.00000000</i>
   <i name="SCALEE">      1.00000000</i>
  </separator>
  <separator name="ionic md" >
   <i name="TEBEG">      0.00010000</i>
   <i name="TEEND">      0.00010000</i>
   <i type="int" name="NBLOCK">     1</i>
   <i type="int" name="KBLOCK">     1</i>
   <i type="int" name="NPACO">   256</i>
   <i name="APACO">     10.00000000</i>
  </separator>
  <separator name="symmetry" >
   <i type="int" name="ISYM">     2</i>
   <i name="SYMPREC">      0.00001000</i>
  </separator>
  <separator name="dos" >
   <i type="int" name="LORBIT">     0</i>
   <v name="RWIGS">     -1.00000000</v>
   <i type="int" name="NEDOS">   301</i>
   <i name="EMIN">     10.00000000</i>
   <i name="EMAX">    -10.00000000</i>
   <i name="EFERMI">      0.00000000</i>
  </separator>
  <separator name="writing" >
   <i type="int" name="NWRITE">     2</i>
   <i type="logical" name="LWAVE"> F  </i>
   <i type="logical" name="LDOWNSAMPLE"> F  </i>
   <i type="logical" name="LCHARG"> T  </i>
   <i type="logical" name="LPARD"> F  </i>
   <i type="logical" name="LVTOT"> F  </i>
   <i type="logical" name="LVHAR"> F  </i>
   <i type="logical" name="LELF"> F  </i>
   <i type="logical" name="LOPTICS"> F  </i>
   <v name="STM">      0.00000000      0.00000000      0.00000000      0.00000000      0.00000000      0.00000000      0.00000000</v>
  </separator>
  <separator name="performance" >
   <i type="int" name="NPAR">     4</i>
   <i type="int" name="NSIM">     4</i>
   <i type="int" name="NBLK">    -1</i>
   <i type="logical" name="LPLANE"> T  </i>
   <i type="logical" name="LSCALAPACK"> T  </i>
   <i type="logical" name="LSCAAWARE"> F  </i>
   <i type="logical" name="LSCALU"> F  </i>
   <i type="logical" name="LASYNC"> F  </i>
   <i type="logical" name="LORBITALREAL"> F  </i>
  </separator>
  <separator name="miscellaneous" >
   <i type="int" name="IDIOT">     3</i>
   <i type="int" name="PHON_NSTRUCT">    -1</i>
   <i type="logical" name="LMUSIC"> F  </i>
   <v name="POMASS">     12.01100000</v>
   <v name="DARWINR">      0.00000000</v>
   <v name="DARWINV">      1.00000000</v>
   <i type="logical" name="LCORR"> T  </i>
  </separator>
  <i type="logical" name="GGA_COMPAT"> T  </i>
  <i type="logical" name="LBERRY"> F  </i>
  <i type="int" name="ICORELEVEL">     0</i>
  <i type="logical" name="LDAU"> F  </i>
  <i type="int" name="I_CONSTRAINED_M">     0</i>
  <separator name="electronic exchange-correlation" >
   <i type="string" name="GGA    ">PE</i>
   <i type="string" name="XC_C">1</i>
   <i type="int" name="VOSKOWN">     0</i>
   <i type="logical" name="LHFCALC"> F  </i>
   <i type="string" name="PRECFOCK"></i>
   <i type="logical" name="LSYMGRAD"> F  </i>
   <i type="logical" name="LHFONE"> F  </i>
   <i type="logical" name="LRHFCALC"> F  </i>
   <i type="logical" name="LTHOMAS"> F  </i>
   <i type="logical" name="LMODELHF"> F  </i>
   <i type="logical" name="LFOCKACE"> F  </i>
   <i name="ENCUT4O">     -1.00000000</i>
   <i type="int" name="EXXOEP">     0</i>
   <i type="int" name="FOURORBIT">     0</i>
   <i name="AEXX">      0.00000000</i>
   <i name="HFALPHA">      0.00000000</i>
   <i name="MCALPHA">      0.00000000</i>
   <i name="ALDAX">      1.00000000</i>
   <i name="AGGAX">      1.00000000</i>
   <i name="AMGGAX">      1.00000000</i>
   <i name="ALDAC">      1.00000000</i>
   <i name="AGGAC">      1.00000000</i>
   <i name="AMGGAC">      1.00000000</i>
   <i type="int" name="NKREDX">     1</i>
   <i type="int" name="NKREDY">     1</i>
   <i type="int" name="NKREDZ">     1</i>
   <i type="logical" name="SHIFTRED"> F  </i>
   <i type="logical" name="ODDONLY"> F  </i>
   <i type="logical" name="EVENONLY"> F  </i>
   <i type="int" name="LMAXFOCK">     0</i>
   <i type="int" name="NMAXFOCKAE">     0</i>
   <i type="logical" name="LFOCKAEDFT"> F  </i>
   <i name="HFSCREEN">      0.00000000</i>
   <i name="HFSCREENC">      0.00000000</i>
   <i type="int" name="NBANDSGWLOW">     0</i>
  </separator>
  <separator name="vdW DFT" >
   <i type="logical" name="LUSE_VDW"> F  </i>
   <i type="int" name="IVDW_NL">    -1</i>
   <i type="logical" name="LSPIN_VDW"> F  </i>
   <i name="ZAB_VDW">     -0.84910000</i>
   <i name="GAMMA_VDW">      1.39626340</i>
   <i name="ALPHA_VDW">      0.00000000</i>
   <i name="PARAM1">      0.12340000</i>
   <i name="PARAM2">      1.00000000</i>
   <i name="BPARAM">      6.30000000</i>
   <i name="CPARAM">      0.00930000</i>
  </separator>
  <separator name="model GW" >
   <i type="int" name="MODEL_GW">     0</i>
   <i name="MODEL_EPS0">     10.03909886</i>
   <i name="MODEL_ALPHA">      1.00000000</i>
  </separator>
  <separator name="linear response parameters" >
   <i type="logical" name="LEPSILON"> F  </i>
   <i type="logical" name="LRPA"> F  </i>
   <i type="logical" name="LNABLA"> F  </i>
   <i type="logical" name="LVEL"> F  </i>
   <i name="CSHIFT">      0.10000000</i>
   <i name="OMEGAMAX">     -1.00000000</i>
   <i name="DEG_THRESHOLD">      0.00200000</i>
   <i name="RTIME">     -0.10000000</i>
   <i name="WPLASMAI">      0.00000000</i>
   <v name="DFIELD">      0.00000000      0.00000000      0.00000000</v>
   <v name="WPLASMA">      0.00000000      0.00000000      0.00000000      0.00000000      0.00000000      0.00000000      0.00000000      0.00000000      0.00000000</v>
  </separator>
  <separator name="orbital magnetization" >
   <i type="logical" name="NUCIND"> F  </i>
   <v name="MAGPOS">      0.00000000      0.00000000      0.00000000</v>
   <i type="logical" name="LNICSALL"> T  </i>
   <i type="logical" name="ORBITALMAG"> F  </i>
   <i type="logical" name="LMAGBLOCH"> F  </i>
   <i type="logical" name="LCHIMAG"> F  </i>
   <i type="logical" name="LGAUGE"> T  </i>
   <i type="int" name="MAGATOM">     0</i>
   <v name="MAGDIPOL">      0.00000000      0.00000000      0.00000000</v>
   <v name="AVECCONST">      0.00000000      0.00000000      0.00000000</v>
  </separator>
  <separator name="response functions" >
   <i type="logical" name="LALL_IN_ONE"> F  </i>
   <i type="int" name="IALL_IN_ONE">    -1</i>
   <i type="int" name="NBANDS_WAVE">    -1</i>
   <i type="logical" name="LFINITE_TEMPERATURE"> F  </i>
   <i type="logical" name="LADDER"> F  </i>
   <i type="logical" name="LRPAFORCE"> F  </i>
   <i type="logical" name="LFXC"> F  </i>
   <i type="logical" name="LHARTREE"> T  </i>
   <i type="int" name="IBSE">     2</i>
   <v type="int" name="KPOINT">    -1     0     0     0</v>
   <i type="logical" name="LTCTC"> F  </i>
   <i type="logical" name="LTCTE"> F  </i>
   <i type="logical" name="LTETE"> F  </i>
   <i type="logical" name="LTRIPLET"> F  </i>
   <i type="logical" name="LFXCEPS"> F  </i>
   <i type="logical" name="LFXHEG"> F  </i>
   <i type="int" name="NATURALO">     2</i>
   <i type="logical" name="LHOLEGF"> F  </i>
   <i type="logical" name="L2ORDER"> F  </i>
   <i type="logical" name="LDMP1"> F  </i>
   <i type="logical" name="LMP2LT"> F  </i>
   <i type="logical" name="LSMP2LT"> F  </i>
   <i type="logical" name="LGWLF"> F  </i>
   <i name="ENCUTGW">     -1.60000002</i>
   <i name="ENCUTGWSOFT">     -1.60000002</i>
   <i name="ENCUTLF">     -1.00000000</i>
   <i type="logical" name="ESF_SPLINES"> F  </i>
   <i name="ESF_CONV">      0.01000000</i>
   <i type="int" name="ESF_NINTER">    15</i>
   <i type="int" name="LMAXMP2">    -1</i>
   <i name="SCISSOR">      0.00000000</i>
   <i type="int" name="NOMEGA">     0</i>
   <i type="int" name="NOMEGAR">     0</i>
   <i type="int" name="NBANDSGW">    -1</i>
   <i type="int" name="NBANDSO">    -1</i>
   <i type="int" name="NBANDSV">    -1</i>
   <i type="int" name="NELMGW">     1</i>
   <i type="int" name="NELMHF">     1</i>
   <i type="int" name="DIM">     3</i>
   <i type="int" name="IESPILON">     4</i>
   <i type="int" name="ANTIRES">     0</i>
   <i name="OMEGAMAX">    -30.00000000</i>
   <i name="OMEGAMIN">    -30.00000000</i>
   <i name="OMEGATL">   -200.00000000</i>
   <i type="int" name="OMEGAGRID">     0</i>
   <i name="CSHIFT">     -0.10000000</i>
   <i type="logical" name="LSELFENERGY"> F  </i>
   <i type="logical" name="LSPECTRAL"> F  </i>
   <i type="logical" name="LSPECTRALGW"> F  </i>
   <i type="logical" name="LSINGLES"> F  </i>
   <i type="logical" name="LFERMIGW"> F  </i>
   <i type="logical" name="ODDONLYGW"> F  </i>
   <i type="logical" name="EVENONLYGW"> F  </i>
   <i type="int" name="NKREDLFX">     1</i>
   <i type="int" name="NKREDLFY">     1</i>
   <i type="int" name="NKREDLFZ">     1</i>
   <i type="int" name="MAXMEM">  2800</i>
   <i type="int" name="TELESCOPE">     0</i>
   <i type="int" name="NTAUPAR">    -1</i>
   <i type="int" name="NOMEGAPAR">    -1</i>
   <i name="DAMP_NEWTON">      0.80000001</i>
   <i name="LAMBDA">      1.00000000</i>
  </separator>
  <separator name="External order field" >
   <i name="OFIELD_KAPPA">      0.00000000</i>
   <v name="OFIELD_K">      0.00000000      0.00000000      0.00000000</v>
   <i name="OFIELD_Q6_NEAR">      0.00000000</i>
   <i name="OFIELD_Q6_FAR">      0.00000000</i>
   <i name="OFIELD_A">      0.00000000</i>
  </separator>
  <separator name="optional k-points parameters" >
   <i type="int" name="KPOINTS_OPT_MODE">     1</i>
   <i type="logical" name="LKPOINTS_OPT"> F  </i>
  </separator>
 </parameters>
 <atominfo>
  <atoms>       2 </atoms>
  <types>       1 </types>
  <array name="atoms" >
   <dimension dim="1">ion</dimension>
   <field type="string">element</field>
   <field type="int">atomtype</field>
   <set>
    <rc><c>C </c><c>   1</c></rc>
    <rc><c>C </c><c>   1</c></rc>
   </set>
  </array>
  <array name="atomtypes" >
   <dimension dim="1">type</dimension>
   <field type="int">atomspertype</field>
   <field type="string">element</field>
   <field>mass</field>
   <field>valence</field>
   <field type="string">pseudopotential</field>
   <set>
    <rc><c>   2</c><c>C </c><c>     12.01100000</c><c>      4.00000000</c><c>  PAW_PBE C 08Apr2002                   </c></rc>
   </set>
  </array>
 </atominfo>
 <structure name="initialpos" >
  <crystal>
   <varray name="basis" >
    <v>       1.23618661      -2.14113802       0.00000000 </v>
    <v>       1.23618661       2.14113802       0.00000000 </v>
    <v>       0.00000000       0.00000000       6.32142195 </v>
   </varray>
   <i name="volume">     33.46366287 </i>
   <varray name="rec_basis" >
    <v>       0.40446968      -0.23352068       0.00000000 </v>
    <v>       0.40446968       0.23352068       0.00000000 </v>
    <v>       0.00000000       0.00000000       0.15819226 </v>
   </varray>
  </crystal>
  <varray name="positions" >
   <v>       0.33333333       0.16666667       0.50000000 </v>
   <v>       0.66666667       0.83333333       0.50000000 </v>
  </varray>
  <varray name="selective"  type="logical" >
   <v type="logical" >  T  T  T </v>
   <v type="logical" >  T  T  T </v>
  </varray>
  <nose>
   <v>      -3.00000000       0.00000000       0.00010000       0.00010000 </v>
  </nose>
 </structure>
 <calculation>
  <scstep>
   <time name="dav">  313.98   16.61</time>
   <time name="total">  353.00   20.07</time>
   <energy>
    <i name="alphaZ">      9.81921391 </i>
    <i name="ewald">     39.86390415 </i>
    <i name="hartreedc">   -292.97072015 </i>
    <i name="XCdc">     26.65748763 </i>
    <i name="pawpsdc">    216.78759577 </i>
    <i name="pawaedc">   -217.90869979 </i>
    <i name="eentropy">      0.00054143 </i>
    <i name="bandstr">    -62.72005198 </i>
    <i name="atom">    294.25444774 </i>
    <i name="e_fr_energy">     13.78371872 </i>
    <i name="e_wo_entrp">     13.78317729 </i>
    <i name="e_0_energy">     13.78353824 </i>
   </energy>
  </scstep>
  <scstep>
   <time name="dav">  134.62    6.71</time>
   <time name="total">  134.63    6.71</time>
   <energy>
    <i name="e_fr_energy">    -17.80522430 </i>
    <i name="e_wo_entrp">    -17.80631141 </i>
    <i name="e_0_energy">    -17.80558667 </i>
   </energy>
  </scstep>
  <scstep>
   <time name="dav">  208.88   10.22</time>
   <time name="total">  208.88   10.22</time>
   <energy>
    <i name="e_fr_energy">    -18.89540636 </i>
    <i name="e_wo_entrp">    -18.89671351 </i>
    <i name="e_0_energy">    -18.89584208 </i>
   </energy>
  </scstep>
  <scstep>
   <time name="dav">  187.03   11.32</time>
   <time name="total">  187.03   11.32</time>
   <energy>
    <i name="e_fr_energy">    -18.90257471 </i>
    <i name="e_wo_entrp">    -18.90389808 </i>
    <i name="e_0_energy">    -18.90301583 </i>
   </energy>
  </scstep>
  <scstep>
   <time name="dav">   79.47    3.99</time>
   <time name="total">   80.24    4.03</time>
   <energy>
    <i name="e_fr_energy">    -18.90263681 </i>
    <i name="e_wo_entrp">    -18.90396016 </i>
    <i name="e_0_energy">    -18.90307793 </i>
   </energy>
  </scstep>
  <scstep>
   <time name="diag">    6.44    0.32</time>
   <time name="diis">   15.82    0.85</time>
   <time name="orth">    0.27    0.01</time>
   <time name="total">   27.18    1.42</time>
   <energy>
    <i name="e_fr_energy">    -18.39257538 </i>
    <i name="e_wo_entrp">    -18.39406444 </i>
    <i name="e_0_energy">    -18.39307174 </i>
   </energy>
  </scstep>
  <scstep>
   <time name="diag">    4.64    0.23</time>
   <time name="diis">   16.52    2.20</time>
   <time name="orth">    0.54    0.03</time>
   <time name="total">   30.33    2.89</time>
   <energy>
    <i name="e_fr_energy">    -18.45214587 </i>
    <i name="e_wo_entrp">    -18.45470163 </i>
    <i name="e_0_energy">    -18.45299779 </i>
   </energy>
  </scstep>
  <scstep>
   <time name="diag">    8.87    0.44</time>
   <time name="diis">   13.75    1.07</time>
   <time name="orth">    0.23    0.01</time>
   <time name="total">   34.32    2.10</time>
   <energy>
    <i name="e_fr_energy">    -18.46603272 </i>
    <i name="e_wo_entrp">    -18.46854793 </i>
    <i name="e_0_energy">    -18.46687112 </i>
   </energy>
  </scstep>
  <scstep>
   <time name="diag">    5.07    0.25</time>
   <time name="diis">   18.64    5.34</time>
   <time name="orth">    0.94    0.05</time>
   <time name="total">   37.71    6.29</time>
   <energy>
    <i name="e_fr_energy">    -18.47595186 </i>
    <i name="e_wo_entrp">    -18.47832566 </i>
    <i name="e_0_energy">    -18.47674312 </i>
   </energy>
  </scstep>
  <scstep>
   <time name="diag">   18.50    0.92</time>
   <time name="diis">   20.89    1.05</time>
   <time name="orth">    0.96    0.05</time>
   <time name="total">   57.00    2.85</time>
   <energy>
    <i name="e_fr_energy">    -18.47850747 </i>
    <i name="e_wo_entrp">    -18.48083454 </i>
    <i name="e_0_energy">    -18.47928316 </i>
   </energy>
  </scstep>
  <scstep>
   <time name="diag">    2.68    0.13</time>
   <time name="diis">   32.37    1.52</time>
   <time name="orth">    0.66    0.03</time>
   <time name="total">   45.50    2.15</time>
   <energy>
    <i name="e_fr_energy">    -18.47856531 </i>
    <i name="e_wo_entrp">    -18.48089864 </i>
    <i name="e_0_energy">    -18.47934309 </i>
   </energy>
  </scstep>
  <scstep>
   <time name="diag">    3.41    0.17</time>
   <time name="diis">   15.70    0.98</time>
   <time name="orth">    0.21    0.01</time>
   <time name="total">   25.67    1.47</time>
   <energy>
    <i name="e_fr_energy">    -18.48018165 </i>
    <i name="e_wo_entrp">    -18.48249863 </i>
    <i name="e_0_energy">    -18.48095398 </i>
   </energy>
  </scstep>
  <scstep>
   <time name="diag">    3.83    0.19</time>
   <time name="diis">   13.30    0.67</time>
   <time name="orth">    9.20    0.46</time>
   <time name="total">   32.98    1.65</time>
   <energy>
    <i name="e_fr_energy">    -18.48034899 </i>
    <i name="e_wo_entrp">    -18.48266897 </i>
    <i name="e_0_energy">    -18.48112232 </i>
   </energy>
  </scstep>
  <scstep>
   <time name="diag">    9.41    0.47</time>
   <time name="diis">   22.30    1.07</time>
   <time name="orth">    0.72    0.03</time>
   <time name="total">   37.67    1.83</time>
   <energy>
    <i name="alphaZ">      9.81921391 </i>
    <i name="ewald">     39.86390415 </i>
    <i name="hartreedc">   -319.71154469 </i>
    <i name="XCdc">     27.50977107 </i>
    <i name="pawpsdc">    849.01382247 </i>
    <i name="pawaedc">   -850.36338266 </i>
    <i name="eentropy">      0.00231536 </i>
    <i name="bandstr">    -68.86889247 </i>
    <i name="atom">    294.25444774 </i>
    <i name="e_fr_energy">    -18.48034511 </i>
    <i name="e_wo_entrp">    -18.48266048 </i>
    <i name="e_0_energy">    -18.48111690 </i>
   </energy>
  </scstep>
  <structure>
   <crystal>
    <varray name="basis" >
     <v>       1.23618661      -2.14113802       0.00000000 </v>
     <v>       1.23618661       2.14113802       0.00000000 </v>
     <v>       0.00000000       0.00000000       6.32142195 </v>
    </varray>
    <i name="volume">     33.46366287 </i>
    <varray name="rec_basis" >
     <v>       0.40446968      -0.23352068       0.00000000 </v>
     <v>       0.40446968       0.23352068       0.00000000 </v>
     <v>       0.00000000       0.00000000       0.15819226 </v>
    </varray>
   </crystal>
   <varray name="positions" >
    <v>       0.33333333       0.16666667       0.50000000 </v>
    <v>       0.66666667       0.83333333       0.50000000 </v>
   </varray>
  </structure>
  <varray name="forces" >
   <v>       0.00000000      -0.00000000      -0.00000000 </v>
   <v>      -0.00000000       0.00000000       0.00000000 </v>
  </varray>
  <varray name="stress" >
   <v>     -28.00737122      -0.00000000       0.00000000 </v>
   <v>      -0.00000000     -28.00737122       0.00000000 </v>
   <v>       0.00000000      -0.00000000      -7.17490247 </v>
  </varray>
  <energy>
   <i name="e_fr_energy">    -18.48034511 </i>
   <i name="e_wo_entrp">    -18.48266048 </i>
   <i name="e_0_energy">    -18.48111690 </i>
  </energy>
  <time name="totalsc"> 1334.84   77.26</time>
  <eigenvalues>
   <array>
    <dimension dim="1">band</dimension>
    <dimension dim="2">kpoint</dimension>
    <dimension dim="3">spin</dimension>
    <field>eigene</field>
    <field>occ</field>
    <set>
     <set comment="spin 1">
      <set comment="kpoint 1">
       <r>  -18.9520    1.0000 </r>
       <r>   -7.0568    1.0000 </r>
       <r>   -2.5198    1.0000 </r>
       <r>   -2.5198    1.0000 </r>
       <r>    3.2452    0.0000 </r>
       <r>    8.3710    0.0000 </r>
       <r>    8.7990    0.0000 </r>
       <r>    8.7990    0.0000 </r>
       <r>   11.4997    0.0000 </r>
       <r>   11.8792    0.0000 </r>
       <r>   12.8233    0.0000 </r>
       <r>   22.8954    0.0000 </r>
      </set>
      <set comment="kpoint 2">
       <r>  -17.4929    1.0000 </r>
       <r>   -6.9031    1.0000 </r>
       <r>   -5.3420    1.0000 </r>
       <r>   -4.5188    1.0000 </r>
       <r>    5.2339    0.0000 </r>
       <r>    7.7006    0.0000 </r>
       <r>    8.4809    0.0000 </r>
       <r>   10.1948    0.0000 </r>
       <r>   13.3618    0.0000 </r>
       <r>   13.8730    0.0000 </r>
       <r>   15.5296    0.0000 </r>
       <r>   20.3866    0.0000 </r>
      </set>
      <set comment="kpoint 3">
       <r>  -13.7448    1.0000 </r>
       <r>  -12.6772    1.0000 </r>
       <r>   -5.8781    1.0000 </r>
       <r>   -1.8414    0.9961 </r>
       <r>    2.1906   -0.0000 </r>
       <r>    7.8023    0.0000 </r>
       <r>   11.0510    0.0000 </r>
       <r>   11.2107    0.0000 </r>
       <r>   14.2464    0.0000 </r>
       <r>   15.9503    0.0000 </r>
       <r>   18.0383    0.0000 </r>
       <r>   20.3823    0.0000 </r>
      </set>
      <set comment="kpoint 4">
       <r>  -14.6880    1.0000 </r>
       <r>  -10.0038    1.0000 </r>
       <r>   -8.4020    1.0000 </r>
       <r>   -2.2136    1.0005 </r>
       <r>    3.3046    0.0000 </r>
       <r>    9.1734    0.0000 </r>
       <r>   11.9909    0.0000 </r>
       <r>   12.6456    0.0000 </r>
       <r>   13.0139    0.0000 </r>
       <r>   15.9628    0.0000 </r>
       <r>   16.7041    0.0000 </r>
       <r>   17.6491    0.0000 </r>
      </set>
     </set>
     <set comment="spin 2">
      <set comment="kpoint 1">
       <r>  -18.9547    1.0000 </r>
       <r>   -7.0619    1.0000 </r>
       <r>   -2.5213    1.0000 </r>
       <r>   -2.5213    1.0000 </r>
       <r>    3.2287    0.0000 </r>
       <r>    8.3655    0.0000 </r>
       <r>    8.7971    0.0000 </r>
       <r>    8.7971    0.0000 </r>
       <r>   11.4784    0.0000 </r>
       <r>   11.8730    0.0000 </r>
       <r>   12.8189    0.0000 </r>
       <r>   22.8919    0.0000 </r>
      </set>
      <set comment="kpoint 2">
       <r>  -17.4955    1.0000 </r>
       <r>   -6.9051    1.0000 </r>
       <r>   -5.3471    1.0000 </r>
       <r>   -4.5204    1.0000 </r>
       <r>    5.2177    0.0000 </r>
       <r>    7.6949    0.0000 </r>
       <r>    8.4780    0.0000 </r>
       <r>   10.1895    0.0000 </r>
       <r>   13.3406    0.0000 </r>
       <r>   13.8711    0.0000 </r>
       <r>   15.5257    0.0000 </r>
       <r>   20.3813    0.0000 </r>
      </set>
      <set comment="kpoint 3">
       <r>  -13.7473    1.0000 </r>
       <r>  -12.6794    1.0000 </r>
       <r>   -5.8797    1.0000 </r>
       <r>   -1.8466    1.0020 </r>
       <r>    2.1855   -0.0000 </r>
       <r>    7.7990    0.0000 </r>
       <r>   11.0329    0.0000 </r>
       <r>   11.1995    0.0000 </r>
       <r>   14.2421    0.0000 </r>
       <r>   15.9445    0.0000 </r>
       <r>   18.0190    0.0000 </r>
       <r>   20.3324    0.0000 </r>
      </set>
      <set comment="kpoint 4">
       <r>  -14.6905    1.0000 </r>
       <r>  -10.0060    1.0000 </r>
       <r>   -8.4039    1.0000 </r>
       <r>   -2.2188    1.0004 </r>
       <r>    3.2992    0.0000 </r>
       <r>    9.1581    0.0000 </r>
       <r>   11.9868    0.0000 </r>
       <r>   12.6428    0.0000 </r>
       <r>   13.0103    0.0000 </r>
       <r>   15.9573    0.0000 </r>
       <r>   16.6824    0.0000 </r>
       <r>   17.6291    0.0000 </r>
      </set>
     </set>
    </set>
   </array>
  </eigenvalues>
  <separator name="orbital magnetization" >
   <v name="MAGDIPOLOUT">      0.00000000      0.00000000      0.00000000</v>
  </separator>
  <dos>
   <i name="efermi">     -1.67638042 </i>
   <total>
    <array>
     <dimension dim="1">gridpoints</dimension>
     <dimension dim="2">spin</dimension>
     <field>energy</field>
     <field>total</field>
     <field>integrated</field>
     <set>
      <set comment="spin 1">
       <r>   -21.0472     0.0000     0.0000 </r>
       <r>   -20.8937     0.0000     0.0000 </r>
       <r>   -20.7403     0.0000     0.0000 </r>
       <r>   -20.5868    -0.0000    -0.0000 </r>
       <r>   -20.4334    -0.0000    -0.0000 </r>
       <r>   -20.2799    -0.0000    -0.0000 </r>
       <r>   -20.1265    -0.0000    -0.0000 </r>
       <r>   -19.9730    -0.0000    -0.0000 </r>
       <r>   -19.8196    -0.0000    -0.0000 </r>
       <r>   -19.6661    -0.0000    -0.0000 </r>
       <r>   -19.5127    -0.0001    -0.0000 </r>
       <r>   -19.3592    -0.0028    -0.0004 </r>
       <r>   -19.2058    -0.0114    -0.0022 </r>
       <r>   -19.0523     0.0669     0.0081 </r>
       <r>   -18.8989     0.2392     0.0448 </r>
       <r>   -18.7454     0.1270     0.0643 </r>
       <r>   -18.5920    -0.0056     0.0634 </r>
       <r>   -18.4385    -0.0055     0.0626 </r>
       <r>   -18.2851    -0.0003     0.0625 </r>
       <r>   -18.1316    -0.0001     0.0625 </r>
       <r>   -17.9782    -0.0038     0.0619 </r>
       <r>   -17.8247    -0.0459     0.0549 </r>
       <r>   -17.6713     0.0254     0.0588 </r>
       <r>   -17.5178     0.9908     0.2108 </r>
       <r>   -17.3644     1.3264     0.4143 </r>
       <r>   -17.2109     0.2276     0.4493 </r>
       <r>   -17.0575    -0.0662     0.4391 </r>
       <r>   -16.9040    -0.0103     0.4375 </r>
       <r>   -16.7506    -0.0003     0.4375 </r>
       <r>   -16.5971    -0.0000     0.4375 </r>
       <r>   -16.4437    -0.0000     0.4375 </r>
       <r>   -16.2902    -0.0000     0.4375 </r>
       <r>   -16.1368    -0.0000     0.4375 </r>
       <r>   -15.9833    -0.0000     0.4375 </r>
       <r>   -15.8299    -0.0000     0.4375 </r>
       <r>   -15.6764    -0.0000     0.4375 </r>
       <r>   -15.5230    -0.0000     0.4375 </r>
       <r>   -15.3695    -0.0000     0.4375 </r>
       <r>   -15.2161    -0.0015     0.4373 </r>
       <r>   -15.0626    -0.0273     0.4331 </r>
       <r>   -14.9092    -0.0516     0.4252 </r>
       <r>   -14.7557     0.6445     0.5241 </r>
       <r>   -14.6023     1.4604     0.7482 </r>
       <r>   -14.4488     0.5056     0.8257 </r>
       <r>   -14.2954    -0.0648     0.8158 </r>
       <r>   -14.1419    -0.0308     0.8111 </r>
       <r>   -13.9885    -0.0340     0.8059 </r>
       <r>   -13.8350     0.2362     0.8421 </r>
       <r>   -13.6816     0.7275     0.9537 </r>
       <r>   -13.5281     0.3403     1.0060 </r>
       <r>   -13.3747    -0.0235     1.0024 </r>
       <r>   -13.2212    -0.0150     1.0000 </r>
       <r>   -13.0678    -0.0117     0.9983 </r>
       <r>   -12.9143    -0.0317     0.9934 </r>
       <r>   -12.7608     0.2607     1.0334 </r>
       <r>   -12.6074     0.7311     1.1456 </r>
       <r>   -12.4539     0.3139     1.1938 </r>
       <r>   -12.3005    -0.0268     1.1896 </r>
       <r>   -12.1470    -0.0133     1.1876 </r>
       <r>   -11.9936    -0.0007     1.1875 </r>
       <r>   -11.8401    -0.0000     1.1875 </r>
       <r>   -11.6867    -0.0000     1.1875 </r>
       <r>   -11.5332    -0.0000     1.1875 </r>
       <r>   -11.3798    -0.0000     1.1875 </r>
       <r>   -11.2263    -0.0000     1.1875 </r>
       <r>   -11.0729    -0.0000     1.1875 </r>
       <r>   -10.9194    -0.0000     1.1875 </r>
       <r>   -10.7660    -0.0000     1.1875 </r>
       <r>   -10.6125    -0.0002     1.1875 </r>
       <r>   -10.4591    -0.0071     1.1864 </r>
       <r>   -10.3056    -0.0593     1.1773 </r>
       <r>   -10.1522     0.1308     1.1974 </r>
       <r>    -9.9987     1.2096     1.3830 </r>
       <r>    -9.8453     1.1408     1.5580 </r>
       <r>    -9.6918     0.0901     1.5719 </r>
       <r>    -9.5384    -0.0550     1.5634 </r>
       <r>    -9.3849    -0.0058     1.5625 </r>
       <r>    -9.2315    -0.0001     1.5625 </r>
       <r>    -9.0780    -0.0000     1.5625 </r>
       <r>    -8.9246    -0.0017     1.5622 </r>
       <r>    -8.7711    -0.0294     1.5577 </r>
       <r>    -8.6177    -0.0458     1.5507 </r>
       <r>    -8.4642     0.6885     1.6564 </r>
       <r>    -8.3108     1.4535     1.8794 </r>
       <r>    -8.1573     0.4653     1.9508 </r>
       <r>    -8.0039    -0.0665     1.9406 </r>
       <r>    -7.8504    -0.0193     1.9376 </r>
       <r>    -7.6970    -0.0008     1.9375 </r>
       <r>    -7.5435    -0.0007     1.9374 </r>
       <r>    -7.3901    -0.0112     1.9357 </r>
       <r>    -7.2366    -0.0415     1.9293 </r>
       <r>    -7.0832     0.1841     1.9576 </r>
       <r>    -6.9297     1.1996     2.1416 </r>
       <r>    -6.7763     1.3743     2.3525 </r>
       <r>    -6.6228     0.2259     2.3872 </r>
       <r>    -6.4694    -0.0685     2.3767 </r>
       <r>    -6.3159    -0.0156     2.3743 </r>
       <r>    -6.1625    -0.0331     2.3692 </r>
       <r>    -6.0090     0.1073     2.3857 </r>
       <r>    -5.8556     0.6549     2.4862 </r>
       <r>    -5.7021     0.4717     2.5585 </r>
       <r>    -5.5487    -0.0177     2.5558 </r>
       <r>    -5.3952     0.7383     2.6691 </r>
       <r>    -5.2418     1.4332     2.8890 </r>
       <r>    -5.0883     0.4012     2.9506 </r>
       <r>    -4.9349    -0.0830     2.9379 </r>
       <r>    -4.7814    -0.0858     2.9247 </r>
       <r>    -4.6280     0.3417     2.9771 </r>
       <r>    -4.4745     1.4090     3.1933 </r>
       <r>    -4.3211     0.8349     3.3215 </r>
       <r>    -4.1676    -0.0188     3.3186 </r>
       <r>    -4.0142    -0.0370     3.3129 </r>
       <r>    -3.8607    -0.0025     3.3125 </r>
       <r>    -3.7073    -0.0000     3.3125 </r>
       <r>    -3.5538    -0.0000     3.3125 </r>
       <r>    -3.4004    -0.0000     3.3125 </r>
       <r>    -3.2469    -0.0000     3.3125 </r>
       <r>    -3.0935    -0.0002     3.3125 </r>
       <r>    -2.9400    -0.0045     3.3118 </r>
       <r>    -2.7866    -0.0234     3.3082 </r>
       <r>    -2.6331     0.0918     3.3223 </r>
       <r>    -2.4797     0.3957     3.3830 </r>
       <r>    -2.3262     0.6085     3.4764 </r>
       <r>    -2.1728     1.3704     3.6867 </r>
       <r>    -2.0193     0.8629     3.8191 </r>
       <r>    -1.8659     0.4838     3.8933 </r>
       <r>    -1.7124     0.6237     3.9890 </r>
       <r>    -1.5590     0.1101     4.0059 </r>
       <r>    -1.4055    -0.0331     4.0008 </r>
       <r>    -1.2521    -0.0051     4.0000 </r>
       <r>    -1.0986    -0.0002     4.0000 </r>
       <r>    -0.9452    -0.0000     4.0000 </r>
       <r>    -0.7917    -0.0000     4.0000 </r>
       <r>    -0.6383    -0.0000     4.0000 </r>
       <r>    -0.4848    -0.0000     4.0000 </r>
       <r>    -0.3314     0.0000     4.0000 </r>
       <r>    -0.1779     0.0000     4.0000 </r>
       <r>    -0.0245     0.0000     4.0000 </r>
       <r>     0.1290     0.0000     4.0000 </r>
       <r>     0.2824     0.0000     4.0000 </r>
       <r>     0.4359     0.0000     4.0000 </r>
       <r>     0.5893    -0.0000     4.0000 </r>
       <r>     0.7428    -0.0000     4.0000 </r>
       <r>     0.8962    -0.0000     4.0000 </r>
       <r>     1.0497    -0.0000     4.0000 </r>
       <r>     1.2031    -0.0000     4.0000 </r>
       <r>     1.3566    -0.0000     4.0000 </r>
       <r>     1.5100    -0.0000     4.0000 </r>
       <r>     1.6635    -0.0007     3.9999 </r>
       <r>     1.8169    -0.0138     3.9978 </r>
       <r>     1.9704    -0.0254     3.9939 </r>
       <r>     2.1238     0.3260     4.0439 </r>
       <r>     2.2773     0.7297     4.1559 </r>
       <r>     2.4307     0.2494     4.1941 </r>
       <r>     2.5842    -0.0324     4.1892 </r>
       <r>     2.7376    -0.0113     4.1874 </r>
       <r>     2.8911    -0.0215     4.1841 </r>
       <r>     3.0445    -0.0731     4.1729 </r>
       <r>     3.1980     0.4940     4.2487 </r>
       <r>     3.3514     1.6537     4.5025 </r>
       <r>     3.5049     0.8743     4.6366 </r>
       <r>     3.6583    -0.0349     4.6313 </r>
       <r>     3.8118    -0.0384     4.6254 </r>
       <r>     3.9652    -0.0025     4.6250 </r>
       <r>     4.1187    -0.0000     4.6250 </r>
       <r>     4.2721    -0.0000     4.6250 </r>
       <r>     4.4256    -0.0000     4.6250 </r>
       <r>     4.5790    -0.0000     4.6250 </r>
       <r>     4.7325    -0.0027     4.6246 </r>
       <r>     4.8859    -0.0384     4.6187 </r>
       <r>     5.0394    -0.0126     4.6167 </r>
       <r>     5.1928     0.8613     4.7489 </r>
       <r>     5.3463     1.3976     4.9634 </r>
       <r>     5.4997     0.3218     5.0127 </r>
       <r>     5.6532    -0.0690     5.0022 </r>
       <r>     5.8066    -0.0136     5.0001 </r>
       <r>     5.9601    -0.0005     5.0000 </r>
       <r>     6.1135    -0.0000     5.0000 </r>
       <r>     6.2670    -0.0000     5.0000 </r>
       <r>     6.4204    -0.0000     5.0000 </r>
       <r>     6.5739    -0.0000     5.0000 </r>
       <r>     6.7273    -0.0000     5.0000 </r>
       <r>     6.8808    -0.0000     5.0000 </r>
       <r>     7.0342    -0.0000     5.0000 </r>
       <r>     7.1877    -0.0022     4.9997 </r>
       <r>     7.3411    -0.0366     4.9941 </r>
       <r>     7.4946    -0.0613     4.9847 </r>
       <r>     7.6481     0.8203     5.1105 </r>
       <r>     7.8015     2.0188     5.4203 </r>
       <r>     7.9550     0.9841     5.5713 </r>
       <r>     8.1084    -0.0519     5.5634 </r>
       <r>     8.2619    -0.0381     5.5575 </r>
       <r>     8.4153     0.8842     5.6932 </r>
       <r>     8.5688     1.5771     5.9352 </r>
       <r>     8.7222     0.6705     6.0381 </r>
       <r>     8.8757     0.3559     6.0927 </r>
       <r>     9.0291     0.3198     6.1418 </r>
       <r>     9.1826     1.2156     6.3283 </r>
       <r>     9.3360     1.1030     6.4975 </r>
       <r>     9.4895     0.0746     6.5090 </r>
       <r>     9.6429    -0.0540     6.5007 </r>
       <r>     9.7964    -0.0245     6.4969 </r>
       <r>     9.9498    -0.0667     6.4867 </r>
       <r>    10.1033     0.4632     6.5578 </r>
       <r>    10.2567     1.4530     6.7808 </r>
       <r>    10.4102     0.6908     6.8868 </r>
       <r>    10.5636    -0.0473     6.8795 </r>
       <r>    10.7171    -0.0536     6.8713 </r>
       <r>    10.8705    -0.0128     6.8693 </r>
       <r>    11.0240     0.4882     6.9442 </r>
       <r>    11.1774     1.1222     7.1164 </r>
       <r>    11.3309     0.8116     7.2410 </r>
       <r>    11.4843     0.2757     7.2833 </r>
       <r>    11.6378     0.1260     7.3026 </r>
       <r>    11.7912     0.0828     7.3153 </r>
       <r>    11.9447     1.0512     7.4766 </r>
       <r>    12.0981     1.5234     7.7104 </r>
       <r>    12.2516     0.3260     7.7604 </r>
       <r>    12.4050    -0.1413     7.7387 </r>
       <r>    12.5585     0.4612     7.8095 </r>
       <r>    12.7119     1.4537     8.0326 </r>
       <r>    12.8654     1.0168     8.1886 </r>
       <r>    13.0188     1.2600     8.3820 </r>
       <r>    13.1723     1.1092     8.5522 </r>
       <r>    13.3257     0.9830     8.7030 </r>
       <r>    13.4792     1.3022     8.9028 </r>
       <r>    13.6326     0.2210     8.9367 </r>
       <r>    13.7861     0.4248     9.0019 </r>
       <r>    13.9395     1.4180     9.2195 </r>
       <r>    14.0930     0.7088     9.3283 </r>
       <r>    14.2464     0.5377     9.4108 </r>
       <r>    14.3999     0.5600     9.4967 </r>
       <r>    14.5533     0.0533     9.5049 </r>
       <r>    14.7068    -0.0286     9.5005 </r>
       <r>    14.8602    -0.0032     9.5000 </r>
       <r>    15.0137    -0.0020     9.4997 </r>
       <r>    15.1671    -0.0322     9.4948 </r>
       <r>    15.3206    -0.0373     9.4890 </r>
       <r>    15.4740     0.7368     9.6021 </r>
       <r>    15.6275     1.3716     9.8126 </r>
       <r>    15.7809     0.4601     9.8832 </r>
       <r>    15.9344     1.4249    10.1018 </r>
       <r>    16.0878     1.9650    10.4033 </r>
       <r>    16.2413     0.3308    10.4541 </r>
       <r>    16.3947    -0.1549    10.4303 </r>
       <r>    16.5482     0.0847    10.4433 </r>
       <r>    16.7016     1.1586    10.6211 </r>
       <r>    16.8551     1.1924    10.8041 </r>
       <r>    17.0085     0.1197    10.8225 </r>
       <r>    17.1620    -0.0619    10.8130 </r>
       <r>    17.3154    -0.0517    10.8050 </r>
       <r>    17.4689     0.0199    10.8081 </r>
       <r>    17.6223     0.9686    10.9567 </r>
       <r>    17.7758     1.3014    11.1564 </r>
       <r>    17.9292     0.4095    11.2193 </r>
       <r>    18.0827     0.6380    11.3172 </r>
       <r>    18.2361     0.4064    11.3795 </r>
       <r>    18.3896    -0.0098    11.3780 </r>
       <r>    18.5430    -0.0185    11.3752 </r>
       <r>    18.6965    -0.0013    11.3750 </r>
       <r>    18.8499    -0.0000    11.3750 </r>
       <r>    19.0034    -0.0000    11.3750 </r>
       <r>    19.1568    -0.0000    11.3750 </r>
       <r>    19.3103    -0.0000    11.3750 </r>
       <r>    19.4637    -0.0000    11.3750 </r>
       <r>    19.6172    -0.0000    11.3750 </r>
       <r>    19.7706    -0.0002    11.3750 </r>
       <r>    19.9241    -0.0095    11.3735 </r>
       <r>    20.0775    -0.0853    11.3604 </r>
       <r>    20.2310     0.1604    11.3850 </r>
       <r>    20.3844     1.7563    11.6545 </r>
       <r>    20.5379     1.7711    11.9263 </r>
       <r>    20.6913     0.1691    11.9523 </r>
       <r>    20.8448    -0.0863    11.9390 </r>
       <r>    20.9982    -0.0097    11.9375 </r>
       <r>    21.1517    -0.0002    11.9375 </r>
       <r>    21.3051    -0.0000    11.9375 </r>
       <r>    21.4586    -0.0000    11.9375 </r>
       <r>    21.6120    -0.0000    11.9375 </r>
       <r>    21.7655    -0.0000    11.9375 </r>
       <r>    21.9189    -0.0000    11.9375 </r>
       <r>    22.0724    -0.0000    11.9375 </r>
       <r>    22.2258    -0.0000    11.9375 </r>
       <r>    22.3793    -0.0003    11.9374 </r>
       <r>    22.5327    -0.0053    11.9366 </r>
       <r>    22.6862    -0.0063    11.9357 </r>
       <r>    22.8396     0.1234    11.9546 </r>
       <r>    22.9931     0.2402    11.9915 </r>
       <r>    23.1465     0.0699    12.0022 </r>
       <r>    23.3000    -0.0114    12.0005 </r>
       <r>    23.4534    -0.0029    12.0000 </r>
       <r>    23.6069    -0.0001    12.0000 </r>
       <r>    23.7603    -0.0000    12.0000 </r>
       <r>    23.9138    -0.0000    12.0000 </r>
       <r>    24.0672    -0.0000    12.0000 </r>
       <r>    24.2207    -0.0000    12.0000 </r>
       <r>    24.3741     0.0000    12.0000 </r>
       <r>    24.5276     0.0000    12.0000 </r>
       <r>    24.6810     0.0000    12.0000 </r>
       <r>    24.8345     0.0000    12.0000 </r>
       <r>    24.9879     0.0000    12.0000 </r>
      </set>
      <set comment="spin 2">
       <r>   -21.0472     0.0000     0.0000 </r>
       <r>   -20.8937     0.0000     0.0000 </r>
       <r>   -20.7403     0.0000     0.0000 </r>
       <r>   -20.5868    -0.0000    -0.0000 </r>
       <r>   -20.4334    -0.0000    -0.0000 </r>
       <r>   -20.2799    -0.0000    -0.0000 </r>
       <r>   -20.1265    -0.0000    -0.0000 </r>
       <r>   -19.9730    -0.0000    -0.0000 </r>
       <r>   -19.8196    -0.0000    -0.0000 </r>
       <r>   -19.6661    -0.0000    -0.0000 </r>
       <r>   -19.5127    -0.0001    -0.0000 </r>
       <r>   -19.3592    -0.0029    -0.0005 </r>
       <r>   -19.2058    -0.0114    -0.0022 </r>
       <r>   -19.0523     0.0699     0.0085 </r>
       <r>   -18.8989     0.2402     0.0454 </r>
       <r>   -18.7454     0.1234     0.0643 </r>
       <r>   -18.5920    -0.0063     0.0634 </r>
       <r>   -18.4385    -0.0053     0.0626 </r>
       <r>   -18.2851    -0.0003     0.0625 </r>
       <r>   -18.1316    -0.0001     0.0625 </r>
       <r>   -17.9782    -0.0041     0.0619 </r>
       <r>   -17.8247    -0.0471     0.0546 </r>
       <r>   -17.6713     0.0327     0.0597 </r>
       <r>   -17.5178     1.0111     0.2148 </r>
       <r>   -17.3644     1.3129     0.4163 </r>
       <r>   -17.2109     0.2138     0.4491 </r>
       <r>   -17.0575    -0.0654     0.4390 </r>
       <r>   -16.9040    -0.0098     0.4375 </r>
       <r>   -16.7506    -0.0003     0.4375 </r>
       <r>   -16.5971    -0.0000     0.4375 </r>
       <r>   -16.4437    -0.0000     0.4375 </r>
       <r>   -16.2902    -0.0000     0.4375 </r>
       <r>   -16.1368    -0.0000     0.4375 </r>
       <r>   -15.9833    -0.0000     0.4375 </r>
       <r>   -15.8299    -0.0000     0.4375 </r>
       <r>   -15.6764    -0.0000     0.4375 </r>
       <r>   -15.5230    -0.0000     0.4375 </r>
       <r>   -15.3695    -0.0000     0.4375 </r>
       <r>   -15.2161    -0.0015     0.4373 </r>
       <r>   -15.0626    -0.0283     0.4329 </r>
       <r>   -14.9092    -0.0491     0.4254 </r>
       <r>   -14.7557     0.6643     0.5273 </r>
       <r>   -14.6023     1.4577     0.7510 </r>
       <r>   -14.4488     0.4873     0.8258 </r>
       <r>   -14.2954    -0.0659     0.8157 </r>
       <r>   -14.1419    -0.0304     0.8110 </r>
       <r>   -13.9885    -0.0335     0.8059 </r>
       <r>   -13.8350     0.2455     0.8435 </r>
       <r>   -13.6816     0.7291     0.9554 </r>
       <r>   -13.5281     0.3301     1.0061 </r>
       <r>   -13.3747    -0.0248     1.0023 </r>
       <r>   -13.2212    -0.0146     1.0000 </r>
       <r>   -13.0678    -0.0120     0.9982 </r>
       <r>   -12.9143    -0.0311     0.9934 </r>
       <r>   -12.7608     0.2690     1.0347 </r>
       <r>   -12.6074     0.7318     1.1470 </r>
       <r>   -12.4539     0.3052     1.1938 </r>
       <r>   -12.3005    -0.0278     1.1896 </r>
       <r>   -12.1470    -0.0129     1.1876 </r>
       <r>   -11.9936    -0.0007     1.1875 </r>
       <r>   -11.8401    -0.0000     1.1875 </r>
       <r>   -11.6867    -0.0000     1.1875 </r>
       <r>   -11.5332    -0.0000     1.1875 </r>
       <r>   -11.3798    -0.0000     1.1875 </r>
       <r>   -11.2263    -0.0000     1.1875 </r>
       <r>   -11.0729    -0.0000     1.1875 </r>
       <r>   -10.9194    -0.0000     1.1875 </r>
       <r>   -10.7660    -0.0000     1.1875 </r>
       <r>   -10.6125    -0.0002     1.1875 </r>
       <r>   -10.4591    -0.0074     1.1863 </r>
       <r>   -10.3056    -0.0602     1.1771 </r>
       <r>   -10.1522     0.1406     1.1987 </r>
       <r>    -9.9987     1.2243     1.3865 </r>
       <r>    -9.8453     1.1246     1.5591 </r>
       <r>    -9.6918     0.0817     1.5717 </r>
       <r>    -9.5384    -0.0540     1.5634 </r>
       <r>    -9.3849    -0.0055     1.5625 </r>
       <r>    -9.2315    -0.0001     1.5625 </r>
       <r>    -9.0780    -0.0000     1.5625 </r>
       <r>    -8.9246    -0.0017     1.5622 </r>
       <r>    -8.7711    -0.0302     1.5576 </r>
       <r>    -8.6177    -0.0435     1.5509 </r>
       <r>    -8.4642     0.7035     1.6589 </r>
       <r>    -8.3108     1.4504     1.8814 </r>
       <r>    -8.1573     0.4520     1.9508 </r>
       <r>    -8.0039    -0.0671     1.9405 </r>
       <r>    -7.8504    -0.0188     1.9376 </r>
       <r>    -7.6970    -0.0008     1.9375 </r>
       <r>    -7.5435    -0.0008     1.9374 </r>
       <r>    -7.3901    -0.0118     1.9356 </r>
       <r>    -7.2366    -0.0401     1.9294 </r>
       <r>    -7.0832     0.1960     1.9595 </r>
       <r>    -6.9297     1.2110     2.1453 </r>
       <r>    -6.7763     1.3597     2.3540 </r>
       <r>    -6.6228     0.2153     2.3870 </r>
       <r>    -6.4694    -0.0678     2.3766 </r>
       <r>    -6.3159    -0.0153     2.3742 </r>
       <r>    -6.1625    -0.0333     2.3691 </r>
       <r>    -6.0090     0.1117     2.3863 </r>
       <r>    -5.8556     0.6589     2.4874 </r>
       <r>    -5.7021     0.4631     2.5585 </r>
       <r>    -5.5487    -0.0119     2.5566 </r>
       <r>    -5.3952     0.7801     2.6763 </r>
       <r>    -5.2418     1.4194     2.8941 </r>
       <r>    -5.0883     0.3671     2.9505 </r>
       <r>    -4.9349    -0.0839     2.9376 </r>
       <r>    -4.7814    -0.0845     2.9246 </r>
       <r>    -4.6280     0.3522     2.9787 </r>
       <r>    -4.4745     1.4143     3.1957 </r>
       <r>    -4.3211     0.8217     3.3218 </r>
       <r>    -4.1676    -0.0218     3.3184 </r>
       <r>    -4.0142    -0.0363     3.3129 </r>
       <r>    -3.8607    -0.0024     3.3125 </r>
       <r>    -3.7073    -0.0000     3.3125 </r>
       <r>    -3.5538    -0.0000     3.3125 </r>
       <r>    -3.4004    -0.0000     3.3125 </r>
       <r>    -3.2469    -0.0000     3.3125 </r>
       <r>    -3.0935    -0.0002     3.3125 </r>
       <r>    -2.9400    -0.0046     3.3118 </r>
       <r>    -2.7866    -0.0235     3.3082 </r>
       <r>    -2.6331     0.0937     3.3225 </r>
       <r>    -2.4797     0.3975     3.3835 </r>
       <r>    -2.3262     0.6373     3.4813 </r>
       <r>    -2.1728     1.3861     3.6940 </r>
       <r>    -2.0193     0.8282     3.8211 </r>
       <r>    -1.8659     0.4946     3.8970 </r>
       <r>    -1.7124     0.6118     3.9909 </r>
       <r>    -1.5590     0.0964     4.0057 </r>
       <r>    -1.4055    -0.0323     4.0007 </r>
       <r>    -1.2521    -0.0046     4.0000 </r>
       <r>    -1.0986    -0.0001     4.0000 </r>
       <r>    -0.9452    -0.0000     4.0000 </r>
       <r>    -0.7917    -0.0000     4.0000 </r>
       <r>    -0.6383    -0.0000     4.0000 </r>
       <r>    -0.4848    -0.0000     4.0000 </r>
       <r>    -0.3314     0.0000     4.0000 </r>
       <r>    -0.1779     0.0000     4.0000 </r>
       <r>    -0.0245     0.0000     4.0000 </r>
       <r>     0.1290     0.0000     4.0000 </r>
       <r>     0.2824     0.0000     4.0000 </r>
       <r>     0.4359    -0.0000     4.0000 </r>
       <r>     0.5893    -0.0000     4.0000 </r>
       <r>     0.7428    -0.0000     4.0000 </r>
       <r>     0.8962    -0.0000     4.0000 </r>
       <r>     1.0497    -0.0000     4.0000 </r>
       <r>     1.2031    -0.0000     4.0000 </r>
       <r>     1.3566    -0.0000     4.0000 </r>
       <r>     1.5100    -0.0000     4.0000 </r>
       <r>     1.6635    -0.0008     3.9999 </r>
       <r>     1.8169    -0.0148     3.9976 </r>
       <r>     1.9704    -0.0225     3.9941 </r>
       <r>     2.1238     0.3467     4.0473 </r>
       <r>     2.2773     0.7263     4.1588 </r>
       <r>     2.4307     0.2305     4.1941 </r>
       <r>     2.5842    -0.0334     4.1890 </r>
       <r>     2.7376    -0.0108     4.1874 </r>
       <r>     2.8911    -0.0241     4.1837 </r>
       <r>     3.0445    -0.0670     4.1734 </r>
       <r>     3.1980     0.5529     4.2582 </r>
       <r>     3.3514     1.6587     4.5128 </r>
       <r>     3.5049     0.8127     4.6375 </r>
       <r>     3.6583    -0.0437     4.6308 </r>
       <r>     3.8118    -0.0354     4.6253 </r>
       <r>     3.9652    -0.0022     4.6250 </r>
       <r>     4.1187    -0.0000     4.6250 </r>
       <r>     4.2721    -0.0000     4.6250 </r>
       <r>     4.4256    -0.0000     4.6250 </r>
       <r>     4.5790    -0.0001     4.6250 </r>
       <r>     4.7325    -0.0038     4.6244 </r>
       <r>     4.8859    -0.0459     4.6174 </r>
       <r>     5.0394     0.0255     4.6213 </r>
       <r>     5.1928     0.9910     4.7733 </r>
       <r>     5.3463     1.3263     4.9769 </r>
       <r>     5.4997     0.2275     5.0118 </r>
       <r>     5.6532    -0.0662     5.0016 </r>
       <r>     5.8066    -0.0103     5.0000 </r>
       <r>     5.9601    -0.0003     5.0000 </r>
       <r>     6.1135    -0.0000     5.0000 </r>
       <r>     6.2670    -0.0000     5.0000 </r>
       <r>     6.4204    -0.0000     5.0000 </r>
       <r>     6.5739    -0.0000     5.0000 </r>
       <r>     6.7273    -0.0000     5.0000 </r>
       <r>     6.8808    -0.0000     5.0000 </r>
       <r>     7.0342    -0.0000     5.0000 </r>
       <r>     7.1877    -0.0024     4.9996 </r>
       <r>     7.3411    -0.0392     4.9936 </r>
       <r>     7.4946    -0.0527     4.9855 </r>
       <r>     7.6481     0.8732     5.1195 </r>
       <r>     7.8015     2.0137     5.4285 </r>
       <r>     7.9550     0.9346     5.5719 </r>
       <r>     8.1084    -0.0599     5.5628 </r>
       <r>     8.2619    -0.0268     5.5586 </r>
       <r>     8.4153     0.9103     5.6983 </r>
       <r>     8.5688     1.5662     5.9387 </r>
       <r>     8.7222     0.6502     6.0384 </r>
       <r>     8.8757     0.3500     6.0922 </r>
       <r>     9.0291     0.3920     6.1523 </r>
       <r>     9.1826     1.3032     6.3523 </r>
       <r>     9.3360     0.9864     6.5036 </r>
       <r>     9.4895     0.0262     6.5077 </r>
       <r>     9.6429    -0.0470     6.5005 </r>
       <r>     9.7964    -0.0247     6.4967 </r>
       <r>     9.9498    -0.0646     6.4867 </r>
       <r>    10.1033     0.5021     6.5638 </r>
       <r>    10.2567     1.4599     6.7878 </r>
       <r>    10.4102     0.6482     6.8873 </r>
       <r>    10.5636    -0.0539     6.8790 </r>
       <r>    10.7171    -0.0562     6.8704 </r>
       <r>    10.8705     0.0128     6.8724 </r>
       <r>    11.0240     0.5719     6.9601 </r>
       <r>    11.1774     1.1140     7.1311 </r>
       <r>    11.3309     0.7519     7.2465 </r>
       <r>    11.4843     0.2720     7.2882 </r>
       <r>    11.6378     0.1042     7.3042 </r>
       <r>    11.7912     0.0838     7.3171 </r>
       <r>    11.9447     1.0865     7.4838 </r>
       <r>    12.0981     1.5020     7.7143 </r>
       <r>    12.2516     0.2983     7.7600 </r>
       <r>    12.4050    -0.1397     7.7386 </r>
       <r>    12.5585     0.4827     7.8127 </r>
       <r>    12.7119     1.4597     8.0367 </r>
       <r>    12.8654     1.0112     8.1918 </r>
       <r>    13.0188     1.2651     8.3860 </r>
       <r>    13.1723     1.1402     8.5609 </r>
       <r>    13.3257     1.1369     8.7354 </r>
       <r>    13.4792     1.1961     8.9189 </r>
       <r>    13.6326     0.1066     8.9353 </r>
       <r>    13.7861     0.4440     9.0034 </r>
       <r>    13.9395     1.4230     9.2218 </r>
       <r>    14.0930     0.7027     9.3296 </r>
       <r>    14.2464     0.5500     9.4140 </r>
       <r>    14.3999     0.5460     9.4978 </r>
       <r>    14.5533     0.0450     9.5047 </r>
       <r>    14.7068    -0.0277     9.5005 </r>
       <r>    14.8602    -0.0030     9.5000 </r>
       <r>    15.0137    -0.0022     9.4997 </r>
       <r>    15.1671    -0.0338     9.4945 </r>
       <r>    15.3206    -0.0317     9.4896 </r>
       <r>    15.4740     0.7672     9.6074 </r>
       <r>    15.6275     1.3583     9.8158 </r>
       <r>    15.7809     0.4585     9.8861 </r>
       <r>    15.9344     1.4896    10.1147 </r>
       <r>    16.0878     1.9206    10.4094 </r>
       <r>    16.2413     0.2839    10.4530 </r>
       <r>    16.3947    -0.1608    10.4283 </r>
       <r>    16.5482     0.1840    10.4565 </r>
       <r>    16.7016     1.2956    10.6554 </r>
       <r>    16.8551     1.0351    10.8142 </r>
       <r>    17.0085     0.0417    10.8206 </r>
       <r>    17.1620    -0.0541    10.8123 </r>
       <r>    17.3154    -0.0586    10.8033 </r>
       <r>    17.4689     0.0830    10.8161 </r>
       <r>    17.6223     1.1183    10.9877 </r>
       <r>    17.7758     1.1881    11.1700 </r>
       <r>    17.9292     0.3763    11.2277 </r>
       <r>    18.0827     0.6678    11.3302 </r>
       <r>    18.2361     0.3313    11.3810 </r>
       <r>    18.3896    -0.0239    11.3773 </r>
       <r>    18.5430    -0.0144    11.3751 </r>
       <r>    18.6965    -0.0008    11.3750 </r>
       <r>    18.8499    -0.0000    11.3750 </r>
       <r>    19.0034    -0.0000    11.3750 </r>
       <r>    19.1568    -0.0000    11.3750 </r>
       <r>    19.3103    -0.0000    11.3750 </r>
       <r>    19.4637    -0.0000    11.3750 </r>
       <r>    19.6172    -0.0000    11.3750 </r>
       <r>    19.7706    -0.0005    11.3749 </r>
       <r>    19.9241    -0.0150    11.3726 </r>
       <r>    20.0775    -0.0929    11.3584 </r>
       <r>    20.2310     0.3196    11.4074 </r>
       <r>    20.3844     1.9135    11.7010 </r>
       <r>    20.5379     1.5397    11.9373 </r>
       <r>    20.6913     0.0812    11.9498 </r>
       <r>    20.8448    -0.0727    11.9386 </r>
       <r>    20.9982    -0.0071    11.9375 </r>
       <r>    21.1517    -0.0002    11.9375 </r>
       <r>    21.3051    -0.0000    11.9375 </r>
       <r>    21.4586    -0.0000    11.9375 </r>
       <r>    21.6120    -0.0000    11.9375 </r>
       <r>    21.7655    -0.0000    11.9375 </r>
       <r>    21.9189    -0.0000    11.9375 </r>
       <r>    22.0724    -0.0000    11.9375 </r>
       <r>    22.2258    -0.0000    11.9375 </r>
       <r>    22.3793    -0.0003    11.9374 </r>
       <r>    22.5327    -0.0056    11.9366 </r>
       <r>    22.6862    -0.0054    11.9358 </r>
       <r>    22.8396     0.1282    11.9554 </r>
       <r>    22.9931     0.2388    11.9921 </r>
       <r>    23.1465     0.0659    12.0022 </r>
       <r>    23.3000    -0.0115    12.0004 </r>
       <r>    23.4534    -0.0027    12.0000 </r>
       <r>    23.6069    -0.0001    12.0000 </r>
       <r>    23.7603    -0.0000    12.0000 </r>
       <r>    23.9138    -0.0000    12.0000 </r>
       <r>    24.0672    -0.0000    12.0000 </r>
       <r>    24.2207    -0.0000    12.0000 </r>
       <r>    24.3741     0.0000    12.0000 </r>
       <r>    24.5276     0.0000    12.0000 </r>
       <r>    24.6810     0.0000    12.0000 </r>
       <r>    24.8345     0.0000    12.0000 </r>
       <r>    24.9879     0.0000    12.0000 </r>
      </set>
     </set>
    </array>
   </total>
  </dos>
 </calculation>
 <structure name="finalpos" >
  <crystal>
   <varray name="basis" >
    <v>       1.23618661      -2.14113802       0.00000000 </v>
    <v>       1.23618661       2.14113802       0.00000000 </v>
    <v>       0.00000000       0.00000000       6.32142195 </v>
   </varray>
   <i name="volume">     33.46366287 </i>
   <varray name="rec_basis" >
    <v>       0.40446968      -0.23352068       0.00000000 </v>
    <v>       0.40446968       0.23352068       0.00000000 </v>
    <v>       0.00000000       0.00000000       0.15819226 </v>
   </varray>
  </crystal>
  <varray name="positions" >
   <v>       0.33333333       0.16666667       0.50000000 </v>
   <v>       0.66666667       0.83333333       0.50000000 </v>
  </varray>
  <varray name="selective"  type="logical" >
   <v type="logical" >  T  T  T </v>
   <v type="logical" >  T  T  T </v>
  </varray>
  <nose>
   <v>      -3.00000000       0.00000000       0.00010000       0.00010000 </v>
  </nose>
 </structure>
</modeling>
